target_gene	condition	donor	seed	profile_type	database	call_seed	ES	NES	p_value	FDR_within_Hallmark	log2err	set_size	leading_edge	leading_edge_size	hallmark_rank	analysis	excluded_seed	included_seeds	formal_five_seed_NES	leading_edge_jaccard_vs_formal	excluded_donor	included_donors	formal_three_donor_NES
EFNB2	organic_ED_nonDM	non-DM_1	2026082701.0	single_seed_network_rank	Hallmark	2026090807	0.267174861158619	0.975030080821371	0.571428571428571	0.703296703296703	0.0395172228473919	191.0	GPC3;ADM;PGF;GPC4;MAFF;BGN;ATF3;DCN;TIPARP;SRPX;STC1;CHST2;PNRC1;IGFBP3;PPP1R15A;VEGFA;WSB1;ZFP36;CDKN1A;SERPINE1;NDRG1;F3;NFIL3;PAM;BTG1;SDC3;AKAP12;ACKR3;PGM1;FOS;KLF6;IRS2;HS3ST1;HSPA5;PLIN2;DUSP1;DDIT4;CDKN1C;KDELR3;PIM1;CCNG2;SDC2;MT1E;GLRX;BHLHE40;ERRFI1;CAV1;HEXA;JUN;LOX;RORA;MT2A;CSRP2;HAS1;PFKP;CHST3;HDLBP;ALDOA;ETS1;ILVBL;NOCT;GBE1;SELENBP1;BNIP3L;MYH9;PGK1;BCL2;ANXA2;TES;HK2;P4HA2;PLAUR;CITED2;FOXO3;TPI1;PRDX5;IL6;FOSL2;P4HA1;TPBG;ANGPTL4;S100A4;KLF7;ENO1;SDC4;NAGK;IDS;DPYSL4;LDHA;UGP2;SLC25A1;EGFR;NR3C1;ISG20;EFNA1;AK4;GAA	97	26	Seed-level (n=45)							
EFNB2	organic_ED_nonDM	non-DM_1	2026082702.0	single_seed_network_rank	Hallmark	2026090808	0.241667336920524	0.879869369255484	0.856143856143856	0.923209263854425	0.0187018035626708	191.0	GPC3;ADM;PGF;BGN;GPC4;MAFF;IGFBP3;ATF3;DCN;SRPX;TIPARP;CHST2;CDKN1A;VEGFA;PPP1R15A;BTG1;NDRG1;PNRC1;WSB1;STC1;ZFP36;SDC3;SERPINE1;PAM;NFIL3;DDIT4;AKAP12;PGM1;F3;HS3ST1;DUSP1;PLIN2;FOS;KLF6;IRS2;HSPA5;CDKN1C;GLRX;ACKR3;ERRFI1;NOCT;HK2;HAS1;PIM1;SDC2;MT1E;BHLHE40;ILVBL;CCNG2;KDELR3;IER3;ETS1;GBE1;BCL2;ALDOA;HEXA;TES;JUN;CHST3;FOXO3;PGK1;CAV1;LOX;EFNA1;ANXA2;SELENBP1;RORA;CSRP2;ZNF292;AK4;PFKP;PLAUR;PRDX5;S100A4;IL6;MT2A;HDLBP;SLC25A1;MYH9;EGFR;BNIP3L;GAPDH;P4HA2;TMEM45A;FAM162A;CA12;NR3C1;TPBG;LDHA;SDC4;KLF7;ADORA2B;MIF;ENO1;TGFBI;TPI1;CITED2;HK1;IDS;TGM2;RBPJ;NEDD4L;ISG20;KDM3A	104	27	Seed-level (n=45)							
EFNB2	organic_ED_nonDM	non-DM_1	2026082703.0	single_seed_network_rank	Hallmark	2026090809	0.226985893979341	0.828881777628852	0.949050949050949	0.949050949050949	0.0105706949179311	191.0	GPC3;ADM;PGF;GPC4;BGN;DCN;MAFF;SRPX;BTG1;IGFBP3;WSB1;ATF3;CHST2;SDC3;NDRG1;STC1;PNRC1;PPP1R15A;AKAP12;TIPARP;PAM;ACKR3;VEGFA;CDKN1A;ZFP36;SERPINE1;F3;DDIT4;KLF6;PGM1;HS3ST1;NFIL3;PLIN2;CDKN1C;DUSP1;SELENBP1;CSRP2;IRS2;MT1E;HSPA5;GLRX;KDELR3;MYH9;ANXA2;FOS;MT2A;HEXA;CHST3;PIM1;ERRFI1;CCNG2;NOCT;SDC2;ILVBL;IL6;CAV1;SLC2A3;HAS1;PRDX5;BHLHE40;TES;PLAUR;FOSL2;EFNA1;S100A4;ETS1;EGFR;SDC4;GBE1;PFKP;HK2;PGK1;P4HA2;BNIP3L;FOXO3;IER3;BCL2;JUN;AK4;ALDOA;RORA;CITED2;LOX;TGFBI;ANGPTL4;HDLBP;ENO1;P4HA1;MXI1;TMEM45A;PGAM2;KLF7;SLC2A1	93	32	Seed-level (n=45)							
EFNB2	organic_ED_nonDM	non-DM_1	2026082704.0	single_seed_network_rank	Hallmark	2026090810	0.237019419295459	0.871922287008792	0.872127872127872	0.900261029293287	0.0174698106128933	191.0	GPC3;ADM;PGF;GPC4;DCN;MAFF;BGN;IGFBP3;STC1;BTG1;ACKR3;CHST2;WSB1;ATF3;SRPX;SDC3;PPP1R15A;TIPARP;NDRG1;PAM;F3;SERPINE1;CDKN1A;PNRC1;ZFP36;AKAP12;VEGFA;DUSP1;HS3ST1;IRS2;PGM1;KLF6;NFIL3;FOS;PLIN2;CSRP2;ANXA2;DDIT4;HSPA5;SELENBP1;KDELR3;HAS1;GLRX;MYH9;MT1E;ANGPTL4;IER3;BHLHE40;HK2;SDC2;GBE1;CAV1;CDKN1C;ERRFI1;HEXA;CCNG2;P4HA2;FOSL2;ETS1;MT2A;PIM1;SDC4;NOCT;IL6;RORA;JUN;CHST3;ILVBL;EGFR;UGP2;PFKP;SLC25A1;EFNA1;PGK1;P4HA1;VLDLR;ZNF292;SLC2A3;BCL2;TES;PRDX5;FOXO3;S100A4;AK4;LOX;NR3C1;PLAUR;IDS;CITED2;BNIP3L;GAPDH;TPBG;PGAM2;NEDD4L;SLC2A1;MIF;SAP30;ENO1;HDLBP;CA12;TPI1;TMEM45A;ALDOA;ERO1A;GAA;MXI1;ENO2;NAGK;PYGM;PRKCA	110	30	Seed-level (n=45)							
EFNB2	organic_ED_nonDM	non-DM_1	2026082705.0	single_seed_network_rank	Hallmark	2026090811	0.230605254588381	0.842571026409657	0.913086913086913	0.942541329638104	0.0140757415299283	191.0	GPC3;ADM;PGF;GPC4;BGN;IGFBP3;MAFF;DCN;STC1;SRPX;SERPINE1;ATF3;BTG1;PPP1R15A;CHST2;WSB1;PGM1;SDC3;AKAP12;VEGFA;TIPARP;PNRC1;CDKN1A;HS3ST1;PAM;NDRG1;ZFP36;F3;IRS2;ACKR3;HSPA5;CDKN1C;NFIL3;PLIN2;GLRX;CCNG2;FOS;CHST3;SELENBP1;DUSP1;ILVBL;IER3;MT1E;KLF6;CSRP2;KDELR3;SDC2;MT2A;MYH9;ERRFI1;HK2;CA12;BHLHE40;PIM1;ANXA2;TES;FOSL2;DDIT4;NOCT;ANGPTL4;HAS1;CAV1;PGK1;IL6;HEXA;HDLBP;SLC2A3;P4HA2;FOXO3;ETS1;PRDX5;GBE1;SDC4;EGFR;EFNA1;CP;LOX;S100A4;PFKP;ZNF292;IDS;AK4;GAPDH;RORA;TPBG;JUN;BCL2;PLAUR;SLC25A1;COL5A1;CITED2;NR3C1;UGP2;TPI1;GAA;VLDLR;ERO1A;HK1;ISG20;MXI1;DPYSL4;NAGK;BNIP3L;KDM3A;KLF7;SAP30	106	31	Seed-level (n=45)							
EFNB2	organic_ED_nonDM	non-DM_2	2026082701.0	single_seed_network_rank	Hallmark	2026090812	0.212807590760019	0.780535742242329	0.975024975024975	0.975024975024975	0.0073016717358798	191.0	ATF3;VEGFA;PGF;GPC4;CDKN1A;ADM;AKAP12;SRPX;IGFBP3;CHST2;F3;GPC3;STC1;FOS;DDIT4;HS3ST1;BGN;JUN;SDC3;CCNG2;TGFBI;CDKN1C;ZFP36;PAM;PNRC1;BTG1;WSB1;SERPINE1;CAV1;PGM1;MAFF;ANXA2;MT1E;CITED2;DCN;SLC2A3;BCL2;VLDLR;CSRP2;IER3;COL5A1;PRDX5;BHLHE40;NDRG1;NFIL3;DUSP1;LOX;HK2;ILVBL;EFNA1;CA12;STC2;MYH9;ANGPTL4;ACKR3;IDS;UGP2;NR3C1;EGFR;TPI1;LDHA;IRS2;SLC25A1;PLIN2;SDC4;BNIP3L;SDC2;HEXA;HSPA5;CDKN1B;MXI1;ERO1A;P4HA2;TES;FAM162A;GBE1;SAP30;MT2A;PPP1R15A;LXN;KLF6;NEDD4L;GCNT2;PPARGC1A;SLC2A1;GRHPR;GLRX;FOXO3;P4HA1;SULT2B1;TPBG;HDLBP;ZNF292;NAGK;RBPJ;XPNPEP1;S100A4;PFKL;TIPARP;PRKCA;TMEM45A;PGK1;ENO1;CHST3;KLHL24	105	32	Seed-level (n=45)							
EFNB2	organic_ED_nonDM	non-DM_2	2026082702.0	single_seed_network_rank	Hallmark	2026090813	0.220061347810525	0.803329562256696	0.97002997002997	0.97002997002997	0.0080191584367862	191.0	ATF3;PGF;GPC3;VEGFA;F3;CDKN1A;GPC4;SRPX;CHST2;ADM;AKAP12;FOS;STC1;BGN;HS3ST1;JUN;TGFBI;ZFP36;DDIT4;IGFBP3;SDC3;PNRC1;PAM;BTG1;CDKN1C;WSB1;SLC2A3;BCL2;CCNG2;PGM1;CAV1;IER3;DUSP1;ANXA2;MAFF;SERPINE1;PRDX5;NDRG1;BHLHE40;MT1E;CITED2;LOX;VLDLR;NFIL3;EFNA1;ANGPTL4;HSPA5;NR3C1;CSRP2;UGP2;DCN;MYH9;CA12;ILVBL;IRS2;PLIN2;SDC4;SLC25A1;IDS;P4HA2;LDHA;ACKR3;BNIP3L;SDC2;TPI1;COL5A1;HEXA;MXI1;FAM162A;HK2;STC2;GBE1;MT2A;EGFR;GLRX;SAP30;PGK1;NEDD4L;FOXO3;ENO1;CDKN1B;GRHPR;ERO1A;HDLBP;NAGK;PPP1R3C;RORA;PRKCA;LXN;TIPARP;TES;MIF;PPARGC1A;TPD52;PPP1R15A;TMEM45A;CHST3	97	32	Seed-level (n=45)							
EFNB2	organic_ED_nonDM	non-DM_2	2026082703.0	single_seed_network_rank	Hallmark	2026090814	0.226612822219677	0.826872334474249	0.952047952047952	0.955329949238579	0.0102389179310485	191.0	ATF3;VEGFA;GPC4;PGF;GPC3;ADM;CDKN1A;F3;CHST2;FOS;SRPX;JUN;ZFP36;WSB1;AKAP12;DDIT4;BGN;HS3ST1;STC1;SDC3;PAM;CDKN1C;IGFBP3;PNRC1;MAFF;TGFBI;BTG1;CAV1;DUSP1;CCNG2;PGM1;SLC2A3;BCL2;MT1E;IER3;SERPINE1;CITED2;VLDLR;BHLHE40;NDRG1;ILVBL;ANXA2;NFIL3;LOX;IRS2;HSPA5;ACKR3;COL5A1;CSRP2;HK2;DCN;PRDX5;NR3C1;MYH9;UGP2;BNIP3L;ERO1A;CA12;STC2;EFNA1;LDHA;CDKN1B;IDS;HDLBP;GCNT2;PLIN2;MT2A;GBE1;MIF;PPP1R15A;SAP30;ANGPTL4;LXN;HEXA;SDC2;FOXO3;TPI1;SDC4;CHST3;EGFR;TES;SLC25A1;SELENBP1;P4HA2;ENO1;TMEM45A;NEDD4L;FAM162A;SLC2A1;MXI1;ZNF292;NAGK;TIPARP;PPARGC1A;RBPJ;PRKCA;KLF7;GAPDH;S100A4;RORA;KLHL24;PPP1R3C;PGK1	103	28	Seed-level (n=45)							
EFNB2	organic_ED_nonDM	non-DM_2	2026082704.0	single_seed_network_rank	Hallmark	2026090815	0.235242792160199	0.858398538178394	0.906093906093906	0.935322741774355	0.0146874349112173	191.0	ATF3;VEGFA;PGF;CDKN1A;FOS;CHST2;GPC4;F3;GPC3;ZFP36;JUN;SRPX;PNRC1;AKAP12;BTG1;DDIT4;SDC3;STC1;PAM;TGFBI;BGN;MAFF;WSB1;MT1E;CDKN1C;ILVBL;DUSP1;CAV1;IGFBP3;SERPINE1;PGM1;EFNA1;IER3;BCL2;ADM;SLC2A3;CITED2;NFIL3;BHLHE40;SDC4;CA12;CCNG2;ERO1A;LOX;STC2;CSRP2;HS3ST1;ANGPTL4;NDRG1;ANXA2;NR3C1;PRDX5;VLDLR;MIF;IDS;HDLBP;COL5A1;LDHA;UGP2;HSPA5;TES;BNIP3L;MT2A;ACKR3;DCN;NEDD4L;HK2;FOXO3;SDC2;PPP1R15A;TPI1;MXI1;SAP30;SLC25A1;PLIN2;GBE1;ENO1;CDKN1B;FAM162A;CHST3;IRS2;TPBG;EGFR;ALDOC;XPNPEP1;S100A4;ZNF292;TMEM45A;KLHL24;HEXA;TIPARP;KLF7;RBPJ;PGK1;PFKP;JMJD6;DPYSL4;SELENBP1;RORA;GRHPR;P4HA2;KDELR3;MYH9;ALDOA;GLRX;TPD52	106	31	Seed-level (n=45)							
EFNB2	organic_ED_nonDM	non-DM_2	2026082705.0	single_seed_network_rank	Hallmark	2026090816	0.219113814940297	0.799966607078305	0.982017982017982	0.982017982017982	0.006173563367758	191.0	ATF3;PGF;VEGFA;GPC3;GPC4;F3;CDKN1A;SRPX;ADM;CHST2;AKAP12;HS3ST1;FOS;JUN;BGN;STC1;ZFP36;DDIT4;PAM;TGFBI;SDC3;CDKN1C;PNRC1;MAFF;BTG1;BCL2;WSB1;SLC2A3;SERPINE1;CCNG2;CAV1;IER3;CITED2;DCN;MYH9;IGFBP3;NDRG1;VLDLR;PGM1;MT1E;DUSP1;PRDX5;ILVBL;ANXA2;LOX;BHLHE40;NR3C1;IRS2;NFIL3;EGFR;CSRP2;HK2;COL5A1;GCNT2;STC2;SLC25A1;PLIN2;SDC4;CA12;ANGPTL4;HSPA5;EFNA1;BNIP3L;SLC2A1;SELENBP1;UGP2;HEXA;SDC2;ERO1A;LDHA;P4HA2;PPP1R3C;RORA;NEDD4L;GBE1;HDLBP;TPI1;ACKR3;PGK1;IDS;DTNA;MT2A;GRHPR;MXI1;SAP30;MIF;PPP1R15A;NAGK;P4HA1;GAPDH;PRKCA;LXN;EFNA3;GLRX;S100A4;XPNPEP1;PPARGC1A;TMEM45A;CDKN1B;ZNF292;KDELR3;FAM162A;TIPARP;ALDOA;TPD52;ENO2	106	32	Seed-level (n=45)							
EFNB2	organic_ED_nonDM	non-DM_3	2026082701.0	single_seed_network_rank	Hallmark	2026090817	0.217736540549941	0.79627740644006	0.975024975024975	0.975024975024975	0.0073016717358798	191.0	GPC3;DDIT4;ATF3;FOS;CHST2;IGFBP3;VEGFA;AKAP12;ZFP36;CCNG2;JUN;SERPINE1;PNRC1;MT1E;CAV1;F3;CDKN1A;SLC2A1;DUSP1;GPC4;EGFR;ADM;DCN;NFIL3;ANGPTL4;ANXA2;MAFF;WSB1;IER3;PGF;MYH9;CDKN1C;PGM1;RORA;PAM;GLRX;GAPDH;FBP1;STC1;LDHA;CSRP2;KLF7;ALDOA;SDC3;IRS2;PPP1R15A;NDRG1;EFNA1;LOX;SRPX;COL5A1;KDELR3;TIPARP;HDLBP;BTG1;SAP30;BCL2;CP;DTNA;CITED2;BGN;RBPJ;PFKL;PLIN2;SELENBP1;TGM2;SDC2;TPI1;PFKP;PGK1;HEXA;HS3ST1;PRDX5;PDGFB;ZNF292;TMEM45A;HSPA5;PPP1R3C;CA12;PYGM;SLC2A3;GPI;STC2;PIM1;TGFB3;UGP2;GPC1;TPD52;MT2A;KLF6;CDKN1B;ERO1A;HK2;ERRFI1;RRAGD;FAM162A;ILVBL;P4HA1;FOXO3	99	32	Seed-level (n=45)							
EFNB2	organic_ED_nonDM	non-DM_3	2026082702.0	single_seed_network_rank	Hallmark	2026090818	0.196856259852013	0.717898407511261	0.995004995004995	0.995004995004995	0.0032324387765438	191.0	GPC3;DDIT4;ATF3;FOS;AKAP12;CHST2;ZFP36;JUN;SLC2A1;SERPINE1;VEGFA;IGFBP3;CDKN1A;PNRC1;CCNG2;DCN;NFIL3;GPC4;WSB1;MT1E;MAFF;DUSP1;PGF;ADM;IER3;CAV1;F3;STC1;IRS2;PAM;RORA;ANXA2;EGFR;CDKN1C;LDHA;SRPX;CSRP2;BCL2;GLRX;NDRG1;ANGPTL4;LOX;SDC2;BTG1;FBP1;HS3ST1;SDC3;HSPA5;MYH9;TIPARP;TGM2;GAPDH;TGFBI;BGN;VLDLR;PPP1R15A;PRDX5;KLF7;COL5A1;PGM1;UGP2;ALDOA;KDELR3;PDGFB;STC2;CDKN1B;HDLBP;ZNF292;ENO1;ERRFI1;SAP30;GPC1;PFKL;P4HA1;ILVBL;PGK1;CHST3;EFNA1;GBE1;RBPJ;PYGM;FAM162A;FOXO3;HK2;BHLHE40;CA12;IDS;SELENBP1;TGFB3;PRKCA;RRAGD;CITED2;CP;FOSL2;DTNA;MXI1;HEXA;PPP1R3C;PLIN2;GPI;SDC4;PGAM2;ERO1A;SLC2A3;NR3C1;CXCR4;KLHL24;SULT2B1;VHL;EXT1;ISG20;TES;TPD52;TPBG;LXN;ATP7A;BCAN;TPST2	118	32	Seed-level (n=45)							
EFNB2	organic_ED_nonDM	non-DM_3	2026082703.0	single_seed_network_rank	Hallmark	2026090819	0.219049105952725	0.801547323030788	0.958041958041958	0.958041958041958	0.0095476067407531	191.0	GPC3;ATF3;DDIT4;CHST2;FOS;ZFP36;SERPINE1;AKAP12;VEGFA;NFIL3;PNRC1;CCNG2;IGFBP3;CDKN1A;JUN;F3;MT1E;GPC4;ADM;MAFF;WSB1;DUSP1;DCN;CAV1;PGF;ANXA2;EGFR;IRS2;PGM1;LDHA;SLC2A1;MYH9;IER3;MT2A;RORA;PAM;GLRX;SRPX;COL5A1;CSRP2;UGP2;STC2;ANGPTL4;SDC3;NDRG1;BCL2;CDKN1C;BGN;SDC2;ALDOA;PPP1R15A;STC1;LOX;SELENBP1;KDELR3;HS3ST1;PDGFB;TMEM45A;PFKL;TPD52;ERRFI1;GAPDH;TGFBI;HDLBP;ZNF292;ILVBL;CITED2;PRDX5;BTG1;CDKN1B;KLF7;RBPJ;FBP1;HEXA;PIM1;HSPA5;CA12;GPC1;PLIN2;MIF;ALDOC;FAM162A;BHLHE40;SAP30;VLDLR;TGM2;FOSL2;TIPARP;EFNA1;GBE1;CHST3	91	29	Seed-level (n=45)							
EFNB2	organic_ED_nonDM	non-DM_3	2026082704.0	single_seed_network_rank	Hallmark	2026090820	0.235829446695685	0.86160194964445	0.896103896103896	0.896103896103896	0.0155348639580133	191.0	GPC3;DDIT4;ATF3;FOS;CHST2;IGFBP3;ZFP36;AKAP12;JUN;VEGFA;CDKN1A;PNRC1;GPC4;DUSP1;SERPINE1;F3;CCNG2;MT1E;DCN;SLC2A1;NFIL3;MAFF;ADM;WSB1;IER3;EGFR;CAV1;RORA;CDKN1C;PGF;STC1;NDRG1;ANGPTL4;ANXA2;ALDOA;IRS2;PAM;PGM1;LDHA;BGN;MYH9;PPP1R15A;SDC3;GAPDH;GLRX;LOX;CA12;SDC2;CSRP2;HS3ST1;SRPX;BCL2;EFNA1;TIPARP;PLIN2;KLF7;COL5A1;SELENBP1;STC2;BTG1;TGM2;FBP1;ACKR3;SDC4;HSPA5;MIF;TGFBI;PFKL;KDELR3;FOSL2;ILVBL;P4HA1;HEXA;MT2A;PGK1;ZNF292;TPI1;UGP2;RBPJ;S100A4;ETS1;TGFB3;CDKN1B;NEDD4L;CP;CITED2;PIM1;GBE1;FOXO3;PRDX5;RRAGD;KLHL24;EXT1;CHST3;HK2;FAM162A;PYGM;SAP30;PFKP;HDLBP;DDIT3;TMEM45A;GPI;BCAN;ERRFI1;NR3C1;DTNA;P4HA2	108	31	Seed-level (n=45)							
EFNB2	organic_ED_nonDM	non-DM_3	2026082705.0	single_seed_network_rank	Hallmark	2026090821	0.18849505299408	0.686520234343024	0.997002997002997	0.997002997002997	0.0025013249394157	191.0	GPC3;ATF3;DDIT4;IGFBP3;CHST2;FOS;JUN;SERPINE1;ZFP36;PNRC1;CDKN1A;MT1E;VEGFA;AKAP12;CCNG2;F3;CAV1;NFIL3;SLC2A1;GPC4;EGFR;PAM;DCN;DUSP1;CDKN1C;MAFF;WSB1;ADM;MYH9;NDRG1;STC1;ANXA2;PGF;IER3;CSRP2;RORA;LOX;IRS2;STC2;SDC2;LDHA;BCL2;SDC3;COL5A1;KDELR3;PGM1;GLRX;ANGPTL4;BGN;GPC1;KLF7;GAPDH;ALDOA;SELENBP1;CITED2;TGM2;BTG1;TPD52;CA12;PPP1R15A;ZNF292;TIPARP;KLF6;CDKN1B;EFNA1;PLIN2;HS3ST1;UGP2;TGFBI;SAP30;PIM1;CP;RBPJ;PGK1;PRKCA;P4HA1;SRPX;HSPA5;S100A4;ERRFI1;HDLBP;FOSL2;TPI1;SLC2A3;NR3C1;TGFB3;ETS1;PRDX5;PDGFB;TMEM45A;HEXA;EXT1;ACKR3;PFKL;MT2A;LXN;DTNA;MIF;HK2;BNIP3L;ENO1;TPBG;ILVBL;GBE1;CXCR4;GAA;BHLHE40;HK1;HMOX1;DDIT3;SIAH2	111	32	Seed-level (n=45)							
LRRC17	organic_ED_nonDM	non-DM_1	2026082701.0	single_seed_network_rank	Hallmark	2026090822	0.242832976003778	0.882854291712001	0.863136863136863	0.933801404212638	0.0181674946847152	191.0	GPC3;ADM;PGF;BGN;GPC4;SRPX;IGFBP3;STC1;MAFF;SERPINE1;ATF3;DCN;TIPARP;CHST2;WSB1;PPP1R15A;F3;VEGFA;NDRG1;PNRC1;SDC3;PAM;PGM1;ZFP36;CDKN1A;CDKN1C;AKAP12;HS3ST1;NFIL3;IRS2;FOS;BTG1;KLF6;PLIN2;DDIT4;HSPA5;DUSP1;SDC2;ACKR3;CCNG2;BHLHE40;ANXA2;KDELR3;GLRX;CAV1;IER3;RORA;CSRP2;LOX;SLC2A3;PIM1;HAS1;ERRFI1;PFKP;JUN;MT1E;HEXA;ILVBL;ALDOA;CHST3;GBE1;PRDX5;PGK1;CP;TES;NOCT;BCL2;HDLBP;HK2;ETS1;IL6;CITED2;MT2A;FOXO3;BNIP3L;MYH9;TPI1;NAGK;TPBG;VLDLR;UGP2;ENO1;NR3C1;P4HA1;KLF7;S100A4;DPYSL4;SLC25A1;IDS;PGAM2;GRHPR;P4HA2;SAP30;AK4;PFKL;ADORA2B;FOSL2;PLAUR;SDC4;LDHA;GAA;GAPDH;EFNA1;GCK;CA12;SELENBP1;ISG20;TMEM45A;EGFR;ANGPTL4;KLHL24;EXT1;NDST1	113	28	Seed-level (n=45)							
LRRC17	organic_ED_nonDM	non-DM_1	2026082702.0	single_seed_network_rank	Hallmark	2026090823	0.202261750054525	0.743331952980401	0.991008991008991	0.994005994005994	0.0043455107956813	191.0	GPC3;ADM;PGF;BGN;GPC4;IGFBP3;MAFF;SRPX;SERPINE1;DCN;ATF3;CHST2;PAM;NDRG1;STC1;VEGFA;F3;WSB1;TIPARP;SDC3;PPP1R15A;CDKN1A;PGM1;HS3ST1;BTG1;PNRC1;DDIT4;ZFP36;AKAP12;NFIL3;CDKN1C;BHLHE40;SDC2;IRS2;PLIN2;ACKR3;FOS;DUSP1;KLF6;GLRX;HSPA5;HAS1;KDELR3;HK2;ERRFI1;SLC2A3;HEXA;CAV1;NOCT;ILVBL;CCNG2;IER3;GBE1;LOX;RORA;BCL2;TES;MYH9;ETS1;PFKP;JUN;NR3C1;CHST3;PIM1;ALDOA;ANXA2;MT1E;TGM2;GAPDH;ENO1;S100A4;P4HA2;EFNA1;FOXO3;IL6;PGK1;AK4;CITED2;ADORA2B;ZNF292;GRHPR;EGFR;PRDX5;TGFBI;ANGPTL4;CA12;SLC25A1;SAP30;VLDLR;P4HA1;TGFB3;KLF7;NEDD4L;GPI;HDLBP;GAA;BNIP3L;TPBG;FAM162A;KLHL24;TMEM45A;IDS;KDM3A;MT2A;LXN;TPI1;SDC4;RBPJ;MIF;CP;NAGK;ENO2	112	30	Seed-level (n=45)							
LRRC17	organic_ED_nonDM	non-DM_1	2026082703.0	single_seed_network_rank	Hallmark	2026090824	0.204209417630833	0.744116826472953	0.994005994005994	0.994005994005994	0.0035427390907066	191.0	GPC3;ADM;PGF;BGN;GPC4;SRPX;IGFBP3;STC1;DCN;MAFF;SERPINE1;NDRG1;SDC3;WSB1;BTG1;CHST2;PAM;ATF3;AKAP12;F3;CDKN1C;PGM1;DDIT4;HS3ST1;PNRC1;PPP1R15A;VEGFA;TIPARP;ACKR3;KLF6;CDKN1A;PGAM2;ZFP36;PLIN2;IRS2;DUSP1;SDC2;KDELR3;NFIL3;GLRX;HSPA5;CSRP2;MT1E;CAV1;HEXA;CCNG2;BHLHE40;CHST3;ANXA2;SLC2A3;FOS;IER3;HAS1;ILVBL;NOCT;ERRFI1;MT2A;PRDX5;PIM1;TES;RORA;PFKP;CP;S100A4;ANGPTL4;FOSL2;P4HA2;SELENBP1;GBE1;EFNA1;HK2;TGFBI;LOX;CITED2;AK4;BCL2;ETS1;ENO1;PLAUR;UGP2;GAPDH;P4HA1;ALDOA;FOXO3;JUN;MYH9;PGK1;TGM2;GRHPR;BNIP3L;ADORA2B;COL5A1;NAGK;IL6	94	31	Seed-level (n=45)							
LRRC17	organic_ED_nonDM	non-DM_1	2026082704.0	single_seed_network_rank	Hallmark	2026090825	0.207124691320182	0.758503611773923	0.989010989010989	0.989010989010989	0.0048089956135489	191.0	GPC3;ADM;PGF;IGFBP3;BGN;GPC4;STC1;SRPX;MAFF;SERPINE1;DCN;SDC3;WSB1;HS3ST1;CHST2;NDRG1;PAM;PPP1R15A;AKAP12;ATF3;PGM1;F3;BTG1;IRS2;TIPARP;CDKN1C;DUSP1;VEGFA;CDKN1A;PNRC1;ZFP36;KLF6;DDIT4;PLIN2;ACKR3;FOS;HSPA5;HAS1;GLRX;NFIL3;SDC2;KDELR3;CAV1;CCNG2;GBE1;HK2;BHLHE40;IER3;MT1E;SLC2A3;CP;RORA;PGAM2;ERRFI1;ANXA2;HEXA;ANGPTL4;CHST3;ILVBL;ETS1;PFKP;NOCT;SLC25A1;PGK1;JUN;MT2A;FOSL2;PIM1;PRDX5;ZNF292;MYH9;AK4;TES;CSRP2;BCL2;P4HA2;EFNA1;LOX;P4HA1;NR3C1;IDS;CA12;EGFR;GPI;S100A4;TPBG;ADORA2B;FOXO3;GAPDH;NEDD4L;SDC4;CITED2;VLDLR;BNIP3L;PLAUR;ENO1;STC2;UGP2;PFKL;ERO1A;TMEM45A;TPI1;SELENBP1;HDLBP;GRHPR;ENO2;TGFBI;NAGK;MIF;GAA;COL5A1;DDIT3;EXT1;IL6;PDK3;ALDOA;NDST1;GCK;SLC2A1;RBPJ;LDHA;TGFB3;TGM2;LXN	124	32	Seed-level (n=45)							
LRRC17	organic_ED_nonDM	non-DM_1	2026082705.0	single_seed_network_rank	Hallmark	2026090826	0.216426858056368	0.789654977195287	0.968031968031968	0.982017982017982	0.0082906983320451	191.0	GPC3;ADM;PGF;BGN;IGFBP3;GPC4;SERPINE1;STC1;SRPX;MAFF;PGM1;CDKN1C;HS3ST1;SDC3;DCN;CHST2;AKAP12;PAM;WSB1;PPP1R15A;ATF3;F3;VEGFA;NDRG1;IRS2;BTG1;TIPARP;IER3;HSPA5;PNRC1;CDKN1A;ZFP36;ANXA2;PLIN2;CCNG2;SDC2;GLRX;CSRP2;CP;CHST3;ILVBL;NFIL3;ACKR3;SLC2A3;CA12;FOS;KDELR3;BHLHE40;DUSP1;KLF6;CAV1;HK2;TES;VLDLR;DDIT4;MT1E;ERRFI1;HAS1;ANGPTL4;HEXA;UGP2;MYH9;NR3C1;LOX;NOCT;RORA;PRDX5;PGAM2;GBE1;P4HA2;PFKP;PIM1;IL6;PGK1;EFNA1;HDLBP;S100A4;ETS1;COL5A1;FOSL2;FOXO3;MT2A;AK4;SELENBP1;GPI;CITED2;NAGK;GAA;GAPDH;IDS;BCL2;SLC25A1;ZNF292;TPBG;EGFR;JUN;PFKL;TGM2;SAP30;ERO1A	100	30	Seed-level (n=45)							
LRRC17	organic_ED_nonDM	non-DM_2	2026082701.0	single_seed_network_rank	Hallmark	2026090827	0.192460700939219	0.700867828471941	0.999000999000999	0.999000999000999	0.0014426950408889	191.0	ATF3;VEGFA;PGF;GPC4;CDKN1A;ADM;AKAP12;F3;SRPX;IGFBP3;CHST2;GPC3;FOS;STC1;DDIT4;BGN;TGFBI;HS3ST1;JUN;PAM;SDC3;ZFP36;CDKN1C;CCNG2;PNRC1;DCN;BTG1;CAV1;SERPINE1;WSB1;CSRP2;PGM1;CITED2;MAFF;MT1E;SLC2A3;NDRG1;BCL2;IER3;BHLHE40;COL5A1;LOX;ANXA2;PRDX5;HK2;VLDLR;EFNA1;DUSP1;NFIL3;ILVBL;CA12;NR3C1;STC2;EGFR;ANGPTL4;ACKR3;MYH9;IDS;TPI1;SDC2;LDHA;SLC25A1;SDC4;UGP2;IRS2;PLIN2;HSPA5;BNIP3L;HEXA;SAP30;ERO1A;CDKN1B;MXI1;LXN;P4HA2;TES;PPARGC1A;GBE1;PPP1R15A;RORA;MT2A;NEDD4L;FAM162A;TPBG;GCNT2;PFKL;SLC2A1;GRHPR;TIPARP;ZNF292;SULT2B1;FOXO3;NAGK;GLRX;XPNPEP1	95	32	Seed-level (n=45)							
LRRC17	organic_ED_nonDM	non-DM_2	2026082702.0	single_seed_network_rank	Hallmark	2026090828	0.232876204983643	0.851937541510299	0.914085914085914	0.922	0.0139869590598254	191.0	ATF3;PGF;VEGFA;GPC3;F3;CDKN1A;GPC4;CHST2;SRPX;FOS;AKAP12;ADM;JUN;TGFBI;STC1;ZFP36;DDIT4;BGN;IGFBP3;PNRC1;SDC3;HS3ST1;BTG1;PAM;CDKN1C;WSB1;SLC2A3;CSRP2;BCL2;PGM1;DUSP1;CAV1;CCNG2;MT1E;DCN;NDRG1;IER3;PRDX5;LOX;ANXA2;MAFF;ACKR3;CITED2;BHLHE40;SERPINE1;NFIL3;EFNA1;NR3C1;HSPA5;UGP2;ANGPTL4;VLDLR;ILVBL;CA12;SDC4;LDHA;BNIP3L;IDS;SLC25A1;PLIN2;TPI1;P4HA2;HK2;HEXA;FAM162A;MXI1;MT2A;IRS2;COL5A1;SDC2;STC2;PPARGC1A;ENO1;GBE1;RORA;GLRX;PGK1;FOXO3;SAP30;NEDD4L;TIPARP;CDKN1B;HDLBP;EGFR;GRHPR;NAGK;TPD52;ERO1A;LXN;TPBG;PRKCA;MIF;PPP1R15A;SELENBP1;TES;TMEM45A;RBPJ	97	30	Seed-level (n=45)							
LRRC17	organic_ED_nonDM	non-DM_2	2026082703.0	single_seed_network_rank	Hallmark	2026090829	0.248317306176892	0.903356037531159	0.797202797202797	0.902902902902903	0.0230116943194552	191.0	ATF3;VEGFA;PGF;GPC4;GPC3;CDKN1A;F3;CHST2;FOS;ADM;JUN;ZFP36;SRPX;WSB1;AKAP12;DDIT4;SDC3;STC1;BGN;PNRC1;HS3ST1;TGFBI;BTG1;PAM;CDKN1C;IGFBP3;MAFF;DUSP1;CSRP2;MT1E;CAV1;SLC2A3;PGM1;CCNG2;BCL2;IER3;LOX;CITED2;NDRG1;NFIL3;SERPINE1;ILVBL;ANXA2;ACKR3;BHLHE40;DCN;HSPA5;HK2;PRDX5;IRS2;COL5A1;BNIP3L;VLDLR;NR3C1;UGP2;LDHA;CA12;EFNA1;ERO1A;CDKN1B;MT2A;HDLBP;IDS;STC2;PLIN2;GBE1;MIF;SAP30;ENO1;PPP1R15A;HEXA;FOXO3;FAM162A;LXN;TPI1;RORA;SDC4;PPARGC1A;MYH9;SLC25A1;P4HA2;PGK1;TMEM45A;TES;CHST3;S100A4;RBPJ;TIPARP;NEDD4L;MXI1;ANGPTL4;NAGK;ZNF292;TPD52;GLRX;SDC2;KLF7;KLHL24;PRKCA;GAPDH;GCNT2;XPNPEP1;SELENBP1;EGFR;PCK1;CXCR4	106	21	Seed-level (n=45)							
LRRC17	organic_ED_nonDM	non-DM_2	2026082704.0	single_seed_network_rank	Hallmark	2026090830	0.245803062654976	0.89748248128686	0.833166833166833	0.860043182623828	0.0204160330522345	191.0	ATF3;VEGFA;CDKN1A;F3;PGF;CHST2;FOS;GPC4;GPC3;ZFP36;JUN;SRPX;PNRC1;BTG1;DDIT4;PAM;AKAP12;TGFBI;SDC3;STC1;BGN;MT1E;MAFF;WSB1;CAV1;ILVBL;CDKN1C;DUSP1;SERPINE1;EFNA1;SLC2A3;IGFBP3;PGM1;IER3;BCL2;DCN;CITED2;ADM;LOX;BHLHE40;CSRP2;NDRG1;SDC4;NFIL3;NR3C1;CA12;ACKR3;STC2;ERO1A;CCNG2;ANGPTL4;ANXA2;HS3ST1;PRDX5;MIF;TES;SDC2;IDS;HDLBP;HK2;RORA;VLDLR;LDHA;SAP30;HSPA5;MT2A;COL5A1;NEDD4L;BNIP3L;UGP2;FOXO3;TPBG;EGFR;PPP1R15A;TPI1;MXI1;GBE1;FAM162A;SLC25A1;ENO1;CDKN1B;IRS2;ALDOC;PLIN2;TIPARP;CHST3;XPNPEP1;ZNF292;PFKP;HEXA;KDELR3;KLHL24;RBPJ;TMEM45A;JMJD6;S100A4;PGK1;KLF7;LXN;P4HA1;SELENBP1;ALDOA;DPYSL4;P4HA2;GALK1;GLRX;KLF6;TPD52;GRHPR;GCNT2;MYH9	111	23	Seed-level (n=45)							
LRRC17	organic_ED_nonDM	non-DM_2	2026082705.0	single_seed_network_rank	Hallmark	2026090831	0.223144568644781	0.819700947870813	0.957042957042957	0.957042957042957	0.0096656434846849	191.0	ATF3;VEGFA;PGF;GPC3;F3;CDKN1A;GPC4;SRPX;CHST2;FOS;AKAP12;JUN;ADM;ZFP36;PAM;STC1;HS3ST1;BGN;DDIT4;TGFBI;PNRC1;SDC3;CDKN1C;DCN;BTG1;MAFF;ACKR3;WSB1;SLC2A3;BCL2;CSRP2;SERPINE1;CCNG2;MT1E;IER3;CAV1;CITED2;NDRG1;PGM1;IGFBP3;DUSP1;PRDX5;LOX;ILVBL;ANXA2;NR3C1;NFIL3;BHLHE40;HK2;IRS2;VLDLR;MYH9;SDC4;EGFR;COL5A1;SLC25A1;STC2;BNIP3L;PLIN2;RORA;CA12;HSPA5;LDHA;EFNA1;HEXA;ANGPTL4;TPI1;UGP2;HDLBP;ERO1A;GBE1;NEDD4L;PGK1;P4HA2;PPARGC1A;MT2A;SDC2;MIF;GRHPR;IDS;PPP1R15A;MXI1;SAP30;P4HA1;TIPARP;FAM162A;NAGK;GLRX;LXN;PRKCA;TMEM45A;XPNPEP1;KDELR3;CDKN1B;SLC2A1;ENO1;ZNF292;GCNT2;SELENBP1;TPD52;EFNA3	101	30	Seed-level (n=45)							
LRRC17	organic_ED_nonDM	non-DM_3	2026082701.0	single_seed_network_rank	Hallmark	2026090832	0.215530304935562	0.791792486629238	0.971028971028971	0.971028971028971	0.0078803141868031	191.0	GPC3;DDIT4;ATF3;FOS;CHST2;IGFBP3;VEGFA;ZFP36;AKAP12;CCNG2;JUN;PNRC1;MT1E;SERPINE1;F3;SLC2A1;CAV1;DUSP1;CDKN1A;GPC4;DCN;EGFR;NFIL3;ANGPTL4;ADM;ANXA2;WSB1;MAFF;PGF;IER3;MYH9;PGM1;CDKN1C;FBP1;RORA;PAM;GLRX;GAPDH;STC1;KLF7;CSRP2;MT2A;NDRG1;ALDOA;LDHA;SDC3;IRS2;PPP1R15A;BTG1;KDELR3;TIPARP;EFNA1;COL5A1;LOX;HDLBP;SRPX;CITED2;SAP30;CP;BCL2;SDC2;RBPJ;PFKL;DTNA;PLIN2;BGN;PDGFB;PRDX5;TGM2;SELENBP1;PFKP;HEXA;PGK1;TPI1;HSPA5;ZNF292;HS3ST1;SLC2A3;GPC1;PPP1R3C;TMEM45A;GPI;CDKN1B;PYGM;PIM1;TPD52;TGFB3;CA12;UGP2;STC2;ERRFI1;ERO1A;KLF6;MIF;HK2;RRAGD;ILVBL	97	32	Seed-level (n=45)							
LRRC17	organic_ED_nonDM	non-DM_3	2026082702.0	single_seed_network_rank	Hallmark	2026090833	0.216589393497484	0.791217488684123	0.979020979020979	0.979020979020979	0.0066784144069882	191.0	GPC3;DDIT4;ATF3;FOS;AKAP12;CHST2;ZFP36;JUN;SERPINE1;VEGFA;IGFBP3;CDKN1A;SLC2A1;PNRC1;DCN;CCNG2;NFIL3;GPC4;MT1E;WSB1;MAFF;PGF;DUSP1;ADM;IER3;CAV1;F3;STC1;IRS2;RORA;PAM;LDHA;EGFR;MT2A;CDKN1C;NDRG1;SRPX;CSRP2;ANXA2;GLRX;BCL2;ANGPTL4;LOX;SDC2;BTG1;SDC3;HS3ST1;MYH9;TGM2;GAPDH;FBP1;HSPA5;BGN;TGFBI;TIPARP;PPP1R15A;ALDOA;KDELR3;KLF7;VLDLR;COL5A1;PGM1;PRDX5;UGP2;STC2;SAP30;CDKN1B;ENO1;PDGFB;HDLBP;RBPJ;P4HA1;PFKL;ZNF292;PGK1;TPD52;ILVBL;EFNA1;ERRFI1;FOXO3;GPC1;BHLHE40;CA12;GBE1;PYGM;CHST3;PLIN2;PRKCA;CITED2;RRAGD;HK2;TGFB3;FAM162A;HEXA;TMEM45A;SELENBP1;IDS;ACKR3;CP;PPP1R3C;FOSL2;DTNA;ETS1;MXI1;SLC2A3;NR3C1;EXT1;BNIP3L;GPI;PGAM2;ISG20;VHL;SDC4;SULT2B1;TES;MIF;TPBG;ERO1A;LXN;CXCR4	120	32	Seed-level (n=45)							
LRRC17	organic_ED_nonDM	non-DM_3	2026082703.0	single_seed_network_rank	Hallmark	2026090834	0.226714842675156	0.829477346646661	0.951048951048951	0.951048951048951	0.0103504582782501	191.0	GPC3;ATF3;DDIT4;CHST2;FOS;ZFP36;SERPINE1;AKAP12;NFIL3;CCNG2;VEGFA;PNRC1;IGFBP3;CDKN1A;JUN;MT1E;F3;GPC4;WSB1;DUSP1;ADM;MAFF;DCN;ANXA2;CAV1;PGF;EGFR;SLC2A1;IRS2;PGM1;LDHA;MYH9;IER3;GLRX;RORA;PAM;SRPX;UGP2;CSRP2;ANGPTL4;COL5A1;NDRG1;STC2;SDC3;BCL2;BGN;SDC2;CDKN1C;PPP1R15A;PDGFB;ALDOA;STC1;SELENBP1;LOX;KDELR3;ERRFI1;MT2A;HS3ST1;PFKL;TPD52;PRDX5;TGFBI;BTG1;ZNF292;CITED2;TMEM45A;GAPDH;HDLBP;ILVBL;GPC1;FBP1;CA12;CDKN1B;HSPA5;PIM1;TIPARP;VLDLR;KLF7;BHLHE40;ALDOC;RBPJ;HEXA;FAM162A;FOSL2;EFNA1;TGM2;CHST3;GBE1;SAP30	89	32	Seed-level (n=45)							
LRRC17	organic_ED_nonDM	non-DM_3	2026082704.0	single_seed_network_rank	Hallmark	2026090835	0.234808421679547	0.853177141736281	0.922077922077922	0.922077922077922	0.0132626420191661	191.0	GPC3;DDIT4;ATF3;FOS;CHST2;IGFBP3;ZFP36;AKAP12;JUN;CDKN1A;VEGFA;PNRC1;GPC4;DUSP1;CCNG2;SLC2A1;F3;SERPINE1;MT1E;DCN;NFIL3;MAFF;ADM;WSB1;EGFR;IER3;CAV1;ANXA2;PGF;RORA;CDKN1C;ANGPTL4;STC1;NDRG1;IRS2;ALDOA;PGM1;BGN;PPP1R15A;PAM;MYH9;LDHA;SDC3;GLRX;CA12;GAPDH;SDC2;SRPX;CSRP2;HS3ST1;LOX;BCL2;MT2A;EFNA1;TIPARP;COL5A1;KLF7;SELENBP1;FBP1;BTG1;STC2;PLIN2;TGM2;HSPA5;SDC4;UGP2;KDELR3;ACKR3;FOSL2;MIF;ILVBL;ZNF292;PFKL;P4HA1;CP;HEXA;TGFBI;NEDD4L;PGK1;CITED2;CDKN1B;TPI1;TGFB3;KLHL24;GBE1;ETS1;RBPJ;PIM1;S100A4;FOXO3;CHST3;VLDLR;RRAGD;BCAN;FAM162A;ERRFI1;EXT1;HK2;PYGM;PDGFB;SAP30;PFKP;HDLBP;BHLHE40;DDIT3;ENO1;DTNA;CXCR4;GPI;PRKCA;PRDX5	111	32	Seed-level (n=45)							
LRRC17	organic_ED_nonDM	non-DM_3	2026082705.0	single_seed_network_rank	Hallmark	2026090836	0.204369581965229	0.746801594590059	0.996003996003996	0.996003996003996	0.0028897301033195	191.0	GPC3;DDIT4;ATF3;CHST2;FOS;JUN;IGFBP3;SERPINE1;ZFP36;PNRC1;CDKN1A;MT1E;AKAP12;VEGFA;CCNG2;F3;SLC2A1;NFIL3;GPC4;EGFR;DUSP1;CAV1;DCN;WSB1;MAFF;ANXA2;NDRG1;MYH9;CSRP2;ADM;PGF;STC1;PAM;IER3;RORA;CDKN1C;IRS2;LDHA;BCL2;SDC2;SDC3;GLRX;PGM1;KDELR3;COL5A1;ANGPTL4;STC2;GPC1;LOX;ALDOA;TGM2;GAPDH;CITED2;TPD52;SELENBP1;ZNF292;KLF6;UGP2;CDKN1B;TGFBI;TIPARP;PPP1R15A;BGN;EFNA1;BTG1;PRKCA;SAP30;PLIN2;HS3ST1;CA12;RBPJ;PGK1;KLF7;HSPA5;P4HA1;SRPX;ERRFI1;MT2A;PIM1;HDLBP;FOSL2;PRDX5;TGFB3;S100A4;SLC2A3;TPI1;ETS1;PDGFB;NR3C1;CP;PFKL;EXT1;HEXA;DTNA;BNIP3L;MIF;TMEM45A;CXCR4;TPBG;DDIT3;GBE1;ILVBL;HK2;ACKR3;ENO1;GAA;HK1;VLDLR;FBP1;SIAH2;NEDD4L;HMOX1;FAM162A;LXN;ISG20;RRAGD	116	32	Seed-level (n=45)							
TYMS	normal	Normal_1	2026082701.0	single_seed_network_rank	Hallmark	2026090837	0.189602912808742	0.686697455311576	1.0	1.0	0.0	191.0	FOS;BGN;JUN;ZFP36;SERPINE1;ADM;CAV1;SRPX;CDKN1C;PGF;KDELR3;CA12;SDC2;LXN;COL5A1;TES;MYH9;GAPDH;STC1;VEGFA;PAM;CXCR4;AKAP12;S100A4;TGFBI;WSB1;GPC1;BHLHE40;VLDLR;LOX;ENO1;SDC4;ANXA2;GPC3;CSRP2;SLC2A3;KLF6;GPC4;CP;HEXA;HSPA5;ATF3;SELENBP1;STC2;CHST2;P4HA1;PNRC1;HDLBP;PPP1R15A;CDKN1B;NAGK;PDK3;ACKR3;PIM1;PPP1R3C;DCN;PFKP;TGFB3;BTG1;TPI1;TIPARP;UGP2;IGFBP3;PGM1;NFIL3;MAFF;TPD52;MT1E;EGFR;TNFAIP3;ALDOA;GPI;EFNA1;LDHA;NR3C1;GAA;PLAC8;BNIP3L;NDRG1;NOCT;EXT1;KLF7;IRS2;ADORA2B;PLIN2;PRDX5;PFKFB3;STBD1;BCL2;PDK1;SLC25A1;SCARB1;MT2A;NEDD4L;ILVBL;PGK1;SAP30;P4HA2;PFKL;ANGPTL4;DDIT4;CITED2;RBPJ;SLC2A5;FOSL2;HK2;PKP1;TPBG;XPNPEP1;GYS1;SDC3;TMEM45A;ANKZF1;GLRX;PLAUR;ERRFI1;TPST2;ETS1;HK1;TKTL1;HMOX1;ISG20;EFNA3;VHL;DTNA;ENO3;F3;AK4;IER3;CCNG2;FBP1;AMPD3;ENO2;GBE1;PPFIA4;PGM2;ZNF292;INHA	138	32	Seed-level (n=45)							
TYMS	normal	Normal_1	2026082702.0	single_seed_network_rank	Hallmark	2026090838	0.225785017691678	0.820196118398798	0.941058941058941	0.9714156810931	0.0114177828322783	191.0	FOS;BGN;JUN;ZFP36;ADM;CAV1;CA12;SRPX;SERPINE1;KDELR3;TGFBI;LXN;GPC1;PGF;CDKN1C;S100A4;TES;VLDLR;COL5A1;WSB1;MYH9;SDC2;AKAP12;STC1;ENO1;GAPDH;STC2;SDC4;LOX;BHLHE40;PAM;CSRP2;GPC3;GPC4;DCN;SELENBP1;VEGFA;PPP1R3C;TPD52;PNRC1;ANXA2;HSPA5;HEXA;CXCR4;KLF6;CHST2;ATF3;HDLBP;PFKP;PIM1;PGM1;P4HA1;NEDD4L;NAGK;SLC2A3;CP;GAA;NDRG1;SLC2A1;ACKR3;GLRX;EGFR;EFNA1;MAFF;MT1E;PPP1R15A;F3;CDKN1B;PRDX5;UGP2;TGFB3;NOCT;IRS2;LDHA;NFIL3;NR3C1;PGK1;BNIP3L;TNFAIP3;SLC2A5;ILVBL;P4HA2;RORA;ALDOA;DTNA;ADORA2B;DDIT4;GPI;ANGPTL4;TPI1;TIPARP;PLAC8;HK1;RBPJ;PRKCA;CHST3;PFKFB3;SLC37A4;PLAUR;AMPD3;ISG20;IGFBP3;BTG1	103	31	Seed-level (n=45)							
TYMS	normal	Normal_1	2026082703.0	single_seed_network_rank	Hallmark	2026090839	0.201668099015876	0.737833835861104	0.993006993006993	0.993006993006993	0.0038285208989028	191.0	BGN;FOS;JUN;ADM;CDKN1C;DCN;SERPINE1;ZFP36;CAV1;SRPX;TES;WSB1;GPC3;AKAP12;CP;CA12;BTG1;TGFBI;ACKR3;GPC1;STC1;KDELR3;S100A4;VLDLR;PGM1;MYH9;CSRP2;UGP2;PAM;ANXA2;GAPDH;SDC4;LXN;PGF;STC2;F3;LOX;PNRC1;GLRX;COL5A1;ENO1;CXCR4;CCNG2;VEGFA;PPP1R3C;GPC4;SDC2;BHLHE40;RORA;CHST2;PPP1R15A;MT2A;ATF3;EFNA1;HSPA5;IER3;BNIP3L;TPD52;MT1E;KLF6;PLIN2;SLC2A1;MAFF;HEXA;ISG20;FAM162A;IGFBP3;EGFR;PDK3;CITED2;DTNA;PRDX5;SLC2A3;ALDOA;NEDD4L;NR3C1;TGFB3;PIM1	78	32	Seed-level (n=45)							
TYMS	normal	Normal_1	2026082704.0	single_seed_network_rank	Hallmark	2026090840	0.202152514286108	0.737953679291035	0.993006993006993	0.993006993006993	0.0038285208989028	191.0	FOS;BGN;JUN;ZFP36;ADM;CAV1;SERPINE1;CDKN1C;SRPX;KDELR3;CA12;GAPDH;LXN;PGF;TES;S100A4;COL5A1;TGFBI;SDC2;WSB1;DCN;MYH9;SDC4;STC2;ENO1;GPC1;STC1;AKAP12;BHLHE40;VEGFA;LOX;PAM;PNRC1;GPC4;TPD52;VLDLR;CSRP2;CXCR4;ANXA2;CHST2;PPP1R3C;PGM1;KLF6;ATF3;PFKP;CP;HDLBP;SLC2A3;P4HA1;GPC3;SELENBP1;SLC2A1;TGFB3;PPP1R15A;BNIP3L;HEXA;F3;HSPA5;PDK3;NR3C1;CCNG2;IRS2;MT1E;NOCT;MAFF;PIM1;PLIN2;GAA;EFNA1;CDKN1B;IGFBP3;PGK1;TIPARP;NFIL3;NAGK;MT2A;DTNA;EXT1;TNFAIP3;NDRG1;TPI1;XPNPEP1;KLF7;ISG20;ADORA2B;EFNA3;NEDD4L;ACKR3;BTG1;UGP2;GLRX;EGFR;IER3	93	32	Seed-level (n=45)							
TYMS	normal	Normal_1	2026082705.0	single_seed_network_rank	Hallmark	2026090841	0.240917157677563	0.876815256078892	0.878121878121878	0.906448390319358	0.0169971052149879	191.0	FOS;BGN;JUN;ZFP36;SERPINE1;ADM;CAV1;CDKN1C;KDELR3;SRPX;SDC2;LXN;TGFBI;BHLHE40;ENO1;PAM;GAPDH;TES;COL5A1;STC1;PGF;LOX;ANXA2;GPC3;TPD52;GPC4;SLC2A3;STC2;WSB1;MYH9;VEGFA;AKAP12;VLDLR;GPC1;CA12;KLF6;S100A4;SDC4;HSPA5;BTG1;HEXA;ACKR3;EGFR;PGM1;HDLBP;PNRC1;CDKN1B;NDRG1;CHST2;SELENBP1;UGP2;CP;CXCR4;DCN;PIM1;PFKP;P4HA1;SLC2A5;ATF3;GPI;PPP1R3C;NEDD4L;NAGK;NFIL3;BCAN;MAFF;PPP1R15A;PDK3;TGFB3;MT1E;IRS2;PLAC8;TPI1;IGFBP3;SCARB1;CSRP2;EFNA1;RORA;ISG20;CDKN1A;P4HA2;NR3C1;KLF7;ANGPTL4;TIPARP;HK1;FAM162A;PFKFB3;PGK1;ALDOA;TNFAIP3;DDIT4;RBPJ;CITED2;GBE1;PLAUR;EXT1;ENO2;GAA;TPBG;ADORA2B;AK4;SDC3;TMEM45A;ERO1A;PPFIA4;DTNA;PKP1	108	31	Seed-level (n=45)							
TYMS	normal	Normal_2	2026082701.0	single_seed_network_rank	Hallmark	2026090842	0.198065523944597	0.720950207118573	0.993006993006993	0.993006993006993	0.0038285208989028	191.0	GPC3;BGN;DCN;PGF;SDC2;SRPX;SERPINE1;JUN;CSRP2;GPC4;BTG1;CA12;FOS;PNRC1;ZFP36;ATF3;F3;DDIT4;NFIL3;TGM2;CDKN1A;MT2A;STC1;CP;ADM;TIPARP;MYH9;CHST2;BHLHE40;VEGFA;KDELR3;ENO1;PPP1R15A;MT1E;SLC2A3;LXN;KLF6;S100A4;DUSP1;ANGPTL4;IER3;EFNA1;MAFF;SDC4;CAV1;EGFR;LDHA;CDKN1C;IGFBP3;ANXA2;GAPDH;LOX;PDGFB;PAM;HDLBP;NDRG1;FOXO3;IDS;GLRX;AKAP12;TKTL1;PRKCA;P4HA2;UGP2;ERRFI1;TGFBI;TPD52;TES;CDKN1B;ALDOA;COL5A1;PRDX5;ZNF292;SLC2A1;HEXA;VLDLR;PIM1;TGFB3;HSPA5;HS3ST1;BNIP3L;IRS2;NR3C1;AMPD3;RBPJ;TPBG;HK1;PGK1;CCNG2;CITED2;PFKL;ILVBL;FAM162A;IL6;TPI1;MXI1;PHKG1;CHST3;PGAM2;FBP1;ANKZF1;P4HA1;PPARGC1A;EXT1;PFKFB3;GALK1;GPC1;SLC25A1;KLHL24;NAGK;BCL2;JMJD6;MIF;FOSL2;GAA;GBE1;PPP1R3C;SIAH2;DTNA;PLAUR;KDM3A;ENO2;SAP30;KLF7;TNFAIP3;ACKR3;GPI;AK4;PLIN2;ETS1	130	32	Seed-level (n=45)							
TYMS	normal	Normal_2	2026082702.0	single_seed_network_rank	Hallmark	2026090843	0.194168580980052	0.70284928599481	0.995004995004995	0.995004995004995	0.0032324387765438	191.0	GPC3;BGN;CA12;SRPX;CSRP2;PGF;VEGFA;GPC4;TES;TPD52;MT1E;SDC2;AKAP12;ZFP36;JUN;ADM;S100A4;F3;CDKN1C;FOS;RORA;CHST2;NFIL3;WSB1;CAV1;ACKR3;ANXA2;COL5A1;DDIT4;TGM2;ATF3;PAM;IGFBP3;DUSP1;SERPINE1;CDKN1A;STC1;IER3;KDELR3;LDHA;KLF6;HDLBP;MT2A;SELENBP1;HSPA5;MYH9;PPP1R3C;GLRX;ALDOA;GPC1;TKTL1;DTNA;PIM1;TPI1;P4HA1;MIF;FBP1;LXN;P4HA2;HEXA;SDC4;TNFAIP3;FAM162A;TGFBI;PFKP;BHLHE40;GBE1;GAPDH;SIAH2;ENO1;NDRG1;DCN;BTG1;PNRC1;PPP1R15A;TIPARP;ZNF292;EFNA1;MAFF;PRKCA;LOX;CDKN1B;BNIP3L;NEDD4L;SLC2A1;PRDX5;MXI1;PGK1;FOXO3;TPBG;TGFB3;ENO2;SDC3;BCL2;SLC25A1;PDGFB;ERRFI1;IL6;CCNG2;AMPD3;FOSL2;PLIN2;JMJD6	103	32	Seed-level (n=45)							
TYMS	normal	Normal_2	2026082703.0	single_seed_network_rank	Hallmark	2026090844	0.245149267836164	0.895974949985822	0.834165834165834	0.865397072159606	0.0203426159572209	191.0	GPC3;BGN;JUN;VEGFA;PGF;FOS;ZFP36;SRPX;BTG1;PNRC1;NFIL3;CA12;IGFBP3;ANXA2;DCN;GPC4;AKAP12;PPP1R15A;SDC2;ATF3;CDKN1A;DUSP1;MAFF;MT1E;WSB1;CDKN1B;F3;SERPINE1;ACKR3;ADM;CDKN1C;ALDOA;TIPARP;ENO1;GAPDH;TGM2;EGFR;LDHA;PLIN2;ZNF292;CHST2;CAV1;CP;PGM1;BNIP3L;CSRP2;MT2A;SDC3;TPD52;NR3C1;NDRG1;PAM;IRS2;MXI1;TPI1;FBP1;KLHL24;RORA;SLC25A1;PIM1;SELENBP1;MIF;KDELR3;HEXA;GALK1;COL5A1;PLAUR;HMOX1;SLC2A3;NAGK;IL6;BCL2;GPC1;ETS1;S100A4;LXN;SIAH2;TES;MYH9;BHLHE40;TGFBI;PDGFB;HS3ST1;ENO2;JMJD6;ISG20;DDIT4;PPP1R3C;KLF7;PPFIA4;SDC4;AK4;TKTL1;GAA;DTNA;TPST2;IER3;HDLBP;KLF6;LOX;PGK1;HSPA5;PRDX5;GLRX;FOXO3;CCNG2;UGP2;P4HA2;ERRFI1;FAM162A;RBPJ;IDS;P4HA1;EFNA1;PFKL;EXT1;CITED2;PFKP;GBE1;FOSL2;CHST3;HK1;STC1;ERO1A;KDM3A;GPI;GRHPR;TGFB3;TNFAIP3	129	30	Seed-level (n=45)							
TYMS	normal	Normal_2	2026082704.0	single_seed_network_rank	Hallmark	2026090845	0.221080532941775	0.811060426248563	0.956043956043956	0.97002997002997	0.0097824984275703	191.0	GPC3;DCN;SRPX;BGN;VEGFA;GPC4;PGF;AKAP12;CA12;CSRP2;JUN;WSB1;CDKN1C;ADM;RORA;ZFP36;MT1E;PAM;EFNA1;TPD52;SLC2A1;BTG1;PNRC1;DDIT4;SDC2;PLIN2;PGM1;CHST2;CP;NFIL3;FOS;NR3C1;IGFBP3;IER3;SERPINE1;LDHA;PPP1R15A;TGM2;FOXO3;ANXA2;MAFF;PDGFB;S100A4;VLDLR;CCNG2;HS3ST1;LOX;ERRFI1;CDKN1A;HMOX1;STC1;ANGPTL4;TPI1;FBP1;CDKN1B;EGFR;GPC1;NEDD4L;HDLBP;PGK1;GLRX;HSPA5;PPP1R3C;BCL2;ACKR3;UGP2;KLHL24;IDS;CHST3;TIPARP;LXN;DUSP1;KDELR3;PRDX5;SDC4;SDC3;TES;ZNF292;ENO1;KLF6;GAPDH;MXI1;SLC37A4;TNFAIP3;BNIP3L;GRHPR;SLC2A3;TGFBI;ADORA2B;SAP30;ERO1A;PIM1;ETS1;AMPD3;RBPJ;GALK1;FOSL2;SELENBP1;IL6;XPNPEP1;NAGK;EXT1;MYH9;AK4;KDM3A;P4HA2;FAM162A	107	30	Seed-level (n=45)							
TYMS	normal	Normal_2	2026082705.0	single_seed_network_rank	Hallmark	2026090846	0.23309686076074	0.850408195465483	0.908091908091908	0.933673469387755	0.0145143429459948	191.0	DCN;JUN;BGN;FOS;CA12;PNRC1;ZFP36;BTG1;CSRP2;VEGFA;ATF3;DUSP1;NFIL3;PPP1R15A;SRPX;CHST2;PGF;CDKN1A;MT1E;IGFBP3;CP;CDKN1C;TIPARP;MAFF;LDHA;EFNA1;RORA;DDIT4;PLIN2;HDLBP;S100A4;ALDOA;F3;PAM;ACKR3;LOX;SERPINE1;PDGFB;TPI1;ANXA2;MYH9;TGM2;ERRFI1;MIF;GLRX;PGK1;COL5A1;TES;FOXO3;PRDX5;FBP1;ZNF292;IER3;SDC2;HSPA5;PGAM2;SDC4;BNIP3L;PIM1;IRS2;MXI1;SLC2A1;MT2A;ILVBL;PPP1R3C;P4HA1;KLF6;TKTL1;ADORA2B;SLC2A3;HK1;EXT1;TGFBI;GPC1;PLAUR;SLC25A1;ERO1A;LXN;PRKCA;ENO2;PHKG1;SIAH2;PFKL;GBE1;P4HA2;GAA;CITED2;ENO1;BHLHE40	89	31	Seed-level (n=45)							
TYMS	normal	Normal_3	2026082701.0	single_seed_network_rank	Hallmark	2026090847	0.230255206595977	0.846717467044962	0.911088911088911	0.971828171828172	0.0142522226913804	191.0	CA12;BGN;ANXA2;S100A4;ACKR3;ENO1;CAV1;MT1E;TGFBI;PPP1R3C;SDC2;AKAP12;NDRG1;PAM;SRPX;EGFR;LXN;TES;BHLHE40;DUSP1;SELENBP1;GAPDH;SDC4;HDLBP;IGFBP3;LOX;PGM1;COL5A1;F3;KDELR3;ADORA2B;GLRX;FAM162A;RORA;CP;ALDOA;NEDD4L;GAA;IER3;FOS;PIM1;GPC4;SLC2A3;SERPINE1;HEXA;JUN;UGP2;ADM;PLAC8;PGK1;LDHA;PRDX5;P4HA1;GRHPR;NAGK;DCN;EFNA1;BCL2;MT2A;IRS2;P4HA2;HAS1;RBPJ;GPC1;ETS1;TIPARP;PFKP;SLC25A1;FOXO3;KLF6;KLF7;TPI1;CDKN1A;ZNF292;VLDLR;PGF;NR3C1;ISG20;TPBG;BTG1;GALK1;GYS1;CSRP2;SIAH2;CCNG2;GBE1;CDKN1C;IDS;TGM2;MIF;MAFF;BNIP3L;NOCT;CDKN1B;PLIN2;NFIL3;PLAUR;AMPD3;TGFB3	99	30	Seed-level (n=45)							
TYMS	normal	Normal_3	2026082702.0	single_seed_network_rank	Hallmark	2026090848	0.189643329674913	0.693636970935088	0.999000999000999	0.999000999000999	0.0014426950408889	191.0	BGN;CA12;SRPX;ACKR3;CAV1;ANXA2;MT1E;PPP1R3C;ENO1;S100A4;BHLHE40;SDC2;GPC4;AKAP12;F3;NDRG1;KDELR3;DCN;TGFBI;SDC4;LOX;EGFR;LXN;SELENBP1;COL5A1;DUSP1;RORA;TES;FBP1;NEDD4L;IGFBP3;IER3;PGM1;PIM1;JUN;PAM;IRS2;BTG1;SERPINE1;HDLBP;P4HA1;TIPARP;CP;KLF7;SDC3;PFKP;ALDOA;GAA;EFNA1;TPD52;HAS1;GLRX;STC1;P4HA2;GAPDH;SLC2A3;FOS;VLDLR;FAM162A;NFIL3;BCL2;LDHA;GBE1;TGM2;RBPJ;CSRP2;GPC1;UGP2;NAGK;SIAH2;NR3C1;MAFF;CDKN1A;PGF;ADORA2B;HEXA;MT2A;MXI1	78	32	Seed-level (n=45)							
TYMS	normal	Normal_3	2026082703.0	single_seed_network_rank	Hallmark	2026090849	0.203368625055237	0.743562251253984	0.994005994005994	0.996957403651116	0.0035427390907066	191.0	BGN;CA12;SRPX;CAV1;CP;ACKR3;SDC2;FOS;GPC4;TES;JUN;ANXA2;BHLHE40;SERPINE1;S100A4;NDRG1;MT1E;ENO1;COL5A1;SELENBP1;SDC4;TGFBI;DCN;AKAP12;LOX;F3;LXN;FBP1;KDELR3;PPP1R3C;KLF7;PAM;DUSP1;GAA;GAPDH;PIM1;EGFR;PGM1;NAGK;PDGFB;TGM2;IER3;UGP2;LDHA;RORA;IGFBP3;P4HA1;PGF;ADORA2B;NEDD4L;IRS2;ALDOA;SDC3;FAM162A;RBPJ;CSRP2;VLDLR;CDKN1C;IDS;GPC1;PFKP;NR3C1;STC1;GLRX;GPC3;GCNT2;HS3ST1;SLC2A3;HEXA;TPBG;BCL2;SLC6A6;MT2A;P4HA2;MYH9;HAS1;EFNA1;ETS1;ZNF292;BNIP3L;NFIL3;TNFAIP3;PLAUR;HDLBP;CDKN1A;MIF;WSB1;SLC2A1;TPD52;CCNG2;PGK1;TPI1;SIAH2	93	27	Seed-level (n=45)							
TYMS	normal	Normal_3	2026082704.0	single_seed_network_rank	Hallmark	2026090850	0.226368617698489	0.827054733445575	0.941058941058941	0.991927346115035	0.0114177828322783	191.0	CA12;BGN;MT1E;JUN;ACKR3;ANXA2;S100A4;BTG1;CAV1;IGFBP3;NDRG1;FOS;PAM;SDC2;EGFR;F3;ENO1;PGF;FBP1;BHLHE40;COL5A1;KDELR3;GBE1;SELENBP1;DUSP1;PNRC1;LXN;LOX;PPP1R3C;LDHA;PGM1;TGFBI;NEDD4L;TES;HDLBP;GAA;UGP2;TIPARP;TPI1;IER3;PDGFB;ALDOA;ADM;GAPDH;SERPINE1;GLRX;SDC4;SLC2A3;TGM2;P4HA2;RORA;FAM162A;DCN;GPC4;ZFP36;HEXA;P4HA1;ATF3;RBPJ;CCNG2;PRDX5;STC1;NFIL3;CDKN1B;FOXO3;GPC3;CP;HK2;CDKN1A;AKAP12;ADORA2B;TPBG;CDKN1C;NAGK;MIF;KLF7;PFKP	77	27	Seed-level (n=45)							
TYMS	normal	Normal_3	2026082705.0	single_seed_network_rank	Hallmark	2026090851	0.16071241867042	0.587200039718762	1.0	1.0	0.0	191.0	BGN;CA12;SRPX;DCN;CAV1;GPC4;MT1E;ANXA2;TGFBI;S100A4;LXN;ACKR3;F3;PPP1R3C;AKAP12;ENO1;FOS;EGFR;JUN;SELENBP1;TES;SDC2;BHLHE40;FBP1;DUSP1;PLAC8;NDRG1;SDC4;CP;LOX;SERPINE1;COL5A1;RORA;IGFBP3;PNRC1;BNIP3L;NEDD4L;TGM2;BCL2;PGM1;SLC2A3;KDELR3;NR3C1;PFKP;SDC3;VLDLR;GPC1;CDKN1C;IRS2;GAPDH;NFIL3;BTG1;NAGK;GBE1;GAA;ISG20;STC1;LDHA;WSB1;UGP2;ALDOA;SIAH2;CDKN1A;GLRX;FAM162A;KLF7;PPP1R15A;ETS1;HEXA;HAS1;IER3;PDGFB;VEGFA;ZFP36;P4HA2;MT2A;TPBG;TIPARP;ADM;PIM1;ADORA2B;ZNF292;TPST2;PLIN2;TPD52;MYH9;CSRP2;TGFB3;DDIT3;IL6;ENO2;KLHL24;TPI1;KLF6;HSPA5;ERRFI1;EXT1	97	30	Seed-level (n=45)							
EFNB2	organic_ED_nonDM	non-DM_1				2026090807	0.241667336920524	0.881942717318794	0.869130869130869	0.913666978183107			GPC3;ADM;PGF;BGN;GPC4;MAFF;IGFBP3;ATF3;DCN;SRPX;TIPARP;CHST2;CDKN1A;VEGFA;PPP1R15A;BTG1;NDRG1;PNRC1;WSB1;STC1;ZFP36;SDC3;SERPINE1;PAM;NFIL3;DDIT4;AKAP12;PGM1;F3;HS3ST1;DUSP1;PLIN2;FOS;KLF6;IRS2;HSPA5;CDKN1C;GLRX;ACKR3;ERRFI1;NOCT;HK2;HAS1;PIM1;SDC2;MT1E;BHLHE40;ILVBL;CCNG2;KDELR3;IER3;ETS1;GBE1;BCL2;ALDOA;HEXA;TES;JUN;CHST3;FOXO3;PGK1;CAV1;LOX;EFNA1;ANXA2;SELENBP1;RORA;CSRP2;ZNF292;AK4;PFKP;PLAUR;PRDX5;S100A4;IL6;MT2A;HDLBP;SLC25A1;MYH9;EGFR;BNIP3L;GAPDH;P4HA2;TMEM45A;FAM162A;CA12;NR3C1;TPBG;LDHA;SDC4;KLF7;ADORA2B;MIF;ENO1;TGFBI;TPI1;CITED2;HK1;IDS;TGM2;RBPJ;NEDD4L;ISG20;KDM3A	104	27	Leave-one-seed (n=45)	2026082701.0	2026082702;2026082703;2026082704;2026082705	0.845424529625922	0.814814814814815			
EFNB2	organic_ED_nonDM	non-DM_1				2026090808	0.267174861158619	0.972737894843707	0.587412587412587	0.722969338353954			GPC3;ADM;PGF;GPC4;MAFF;BGN;ATF3;DCN;TIPARP;SRPX;STC1;CHST2;PNRC1;IGFBP3;PPP1R15A;VEGFA;WSB1;ZFP36;CDKN1A;SERPINE1;NDRG1;F3;NFIL3;PAM;BTG1;SDC3;AKAP12;ACKR3;PGM1;FOS;KLF6;IRS2;HS3ST1;HSPA5;PLIN2;DUSP1;DDIT4;CDKN1C;KDELR3;PIM1;CCNG2;SDC2;MT1E;GLRX;BHLHE40;ERRFI1;CAV1;HEXA;JUN;LOX;RORA;MT2A;CSRP2;HAS1;PFKP;CHST3;HDLBP;ALDOA;ETS1;ILVBL;NOCT;GBE1;SELENBP1;BNIP3L;MYH9;PGK1;BCL2;ANXA2;TES;HK2;P4HA2;PLAUR;CITED2;FOXO3;TPI1;PRDX5;IL6;FOSL2;P4HA1;TPBG;ANGPTL4;S100A4;KLF7;ENO1;SDC4;NAGK;IDS;DPYSL4;LDHA;UGP2;SLC25A1;EGFR;NR3C1;ISG20;EFNA1;AK4;GAA	97	26	Leave-one-seed (n=45)	2026082702.0	2026082701;2026082703;2026082704;2026082705	0.845424529625922	0.871287128712871			
EFNB2	organic_ED_nonDM	non-DM_1				2026090809	0.267174861158619	0.975639366713482	0.574425574425574	0.706985322369938			GPC3;ADM;PGF;GPC4;MAFF;BGN;ATF3;DCN;TIPARP;SRPX;STC1;CHST2;PNRC1;IGFBP3;PPP1R15A;VEGFA;WSB1;ZFP36;CDKN1A;SERPINE1;NDRG1;F3;NFIL3;PAM;BTG1;SDC3;AKAP12;ACKR3;PGM1;FOS;KLF6;IRS2;HS3ST1;HSPA5;PLIN2;DUSP1;DDIT4;CDKN1C;KDELR3;PIM1;CCNG2;SDC2;MT1E;GLRX;BHLHE40;ERRFI1;CAV1;HEXA;JUN;LOX;RORA;MT2A;CSRP2;HAS1;PFKP;CHST3;HDLBP;ALDOA;ETS1;ILVBL;NOCT;GBE1;SELENBP1;BNIP3L;MYH9;PGK1;BCL2;ANXA2;TES;HK2;P4HA2;PLAUR;CITED2;FOXO3;TPI1;PRDX5;IL6;FOSL2;P4HA1;TPBG;ANGPTL4;S100A4;KLF7;ENO1;SDC4;NAGK;IDS;DPYSL4;LDHA;UGP2;SLC25A1;EGFR;NR3C1;ISG20;EFNA1;AK4;GAA	97	26	Leave-one-seed (n=45)	2026082703.0	2026082701;2026082702;2026082704;2026082705	0.845424529625922	0.871287128712871			
EFNB2	organic_ED_nonDM	non-DM_1				2026090810	0.267174861158619	0.982854977305832	0.557442557442557	0.686083147621609			GPC3;ADM;PGF;GPC4;MAFF;BGN;ATF3;DCN;TIPARP;SRPX;STC1;CHST2;PNRC1;IGFBP3;PPP1R15A;VEGFA;WSB1;ZFP36;CDKN1A;SERPINE1;NDRG1;F3;NFIL3;PAM;BTG1;SDC3;AKAP12;ACKR3;PGM1;FOS;KLF6;IRS2;HS3ST1;HSPA5;PLIN2;DUSP1;DDIT4;CDKN1C;KDELR3;PIM1;CCNG2;SDC2;MT1E;GLRX;BHLHE40;ERRFI1;CAV1;HEXA;JUN;LOX;RORA;MT2A;CSRP2;HAS1;PFKP;CHST3;HDLBP;ALDOA;ETS1;ILVBL;NOCT;GBE1;SELENBP1;BNIP3L;MYH9;PGK1;BCL2;ANXA2;TES;HK2;P4HA2;PLAUR;CITED2;FOXO3;TPI1;PRDX5;IL6;FOSL2;P4HA1;TPBG;ANGPTL4;S100A4;KLF7;ENO1;SDC4;NAGK;IDS;DPYSL4;LDHA;UGP2;SLC25A1;EGFR;NR3C1;ISG20;EFNA1;AK4;GAA	97	26	Leave-one-seed (n=45)	2026082704.0	2026082701;2026082702;2026082703;2026082705	0.845424529625922	0.871287128712871			
EFNB2	organic_ED_nonDM	non-DM_1				2026090811	0.267174861158619	0.976186762956	0.586413586413586	0.721739798662876			GPC3;ADM;PGF;GPC4;MAFF;BGN;ATF3;DCN;TIPARP;SRPX;STC1;CHST2;PNRC1;IGFBP3;PPP1R15A;VEGFA;WSB1;ZFP36;CDKN1A;SERPINE1;NDRG1;F3;NFIL3;PAM;BTG1;SDC3;AKAP12;ACKR3;PGM1;FOS;KLF6;IRS2;HS3ST1;HSPA5;PLIN2;DUSP1;DDIT4;CDKN1C;KDELR3;PIM1;CCNG2;SDC2;MT1E;GLRX;BHLHE40;ERRFI1;CAV1;HEXA;JUN;LOX;RORA;MT2A;CSRP2;HAS1;PFKP;CHST3;HDLBP;ALDOA;ETS1;ILVBL;NOCT;GBE1;SELENBP1;BNIP3L;MYH9;PGK1;BCL2;ANXA2;TES;HK2;P4HA2;PLAUR;CITED2;FOXO3;TPI1;PRDX5;IL6;FOSL2;P4HA1;TPBG;ANGPTL4;S100A4;KLF7;ENO1;SDC4;NAGK;IDS;DPYSL4;LDHA;UGP2;SLC25A1;EGFR;NR3C1;ISG20;EFNA1;AK4;GAA	97	26	Leave-one-seed (n=45)	2026082705.0	2026082701;2026082702;2026082703;2026082704	0.845424529625922	0.871287128712871			
EFNB2	organic_ED_nonDM	non-DM_2				2026090812	0.220061347810525	0.807141074426401	0.963036963036963	0.963036963036963			ATF3;PGF;GPC3;VEGFA;F3;CDKN1A;GPC4;SRPX;CHST2;ADM;AKAP12;FOS;STC1;BGN;HS3ST1;JUN;TGFBI;ZFP36;DDIT4;IGFBP3;SDC3;PNRC1;PAM;BTG1;CDKN1C;WSB1;SLC2A3;BCL2;CCNG2;PGM1;CAV1;IER3;DUSP1;ANXA2;MAFF;SERPINE1;PRDX5;NDRG1;BHLHE40;MT1E;CITED2;LOX;VLDLR;NFIL3;EFNA1;ANGPTL4;HSPA5;NR3C1;CSRP2;UGP2;DCN;MYH9;CA12;ILVBL;IRS2;PLIN2;SDC4;SLC25A1;IDS;P4HA2;LDHA;ACKR3;BNIP3L;SDC2;TPI1;COL5A1;HEXA;MXI1;FAM162A;HK2;STC2;GBE1;MT2A;EGFR;GLRX;SAP30;PGK1;NEDD4L;FOXO3;ENO1;CDKN1B;GRHPR;ERO1A;HDLBP;NAGK;PPP1R3C;RORA;PRKCA;LXN;TIPARP;TES;MIF;PPARGC1A;TPD52;PPP1R15A;TMEM45A;CHST3	97	32	Leave-one-seed (n=45)	2026082701.0	2026082702;2026082703;2026082704;2026082705	0.874892558869293	0.905660377358491			
EFNB2	organic_ED_nonDM	non-DM_2				2026090813	0.212807590760019	0.776849866780519	0.981018981018981	0.981018981018981			ATF3;VEGFA;PGF;GPC4;CDKN1A;ADM;AKAP12;SRPX;IGFBP3;CHST2;F3;GPC3;STC1;FOS;DDIT4;HS3ST1;BGN;JUN;SDC3;CCNG2;TGFBI;CDKN1C;ZFP36;PAM;PNRC1;BTG1;WSB1;SERPINE1;CAV1;PGM1;MAFF;ANXA2;MT1E;CITED2;DCN;SLC2A3;BCL2;VLDLR;CSRP2;IER3;COL5A1;PRDX5;BHLHE40;NDRG1;NFIL3;DUSP1;LOX;HK2;ILVBL;EFNA1;CA12;STC2;MYH9;ANGPTL4;ACKR3;IDS;UGP2;NR3C1;EGFR;TPI1;LDHA;IRS2;SLC25A1;PLIN2;SDC4;BNIP3L;SDC2;HEXA;HSPA5;CDKN1B;MXI1;ERO1A;P4HA2;TES;FAM162A;GBE1;SAP30;MT2A;PPP1R15A;LXN;KLF6;NEDD4L;GCNT2;PPARGC1A;SLC2A1;GRHPR;GLRX;FOXO3;P4HA1;SULT2B1;TPBG;HDLBP;ZNF292;NAGK;RBPJ;XPNPEP1;S100A4;PFKL;TIPARP;PRKCA;TMEM45A;PGK1;ENO1;CHST3;KLHL24	105	32	Leave-one-seed (n=45)	2026082702.0	2026082701;2026082703;2026082704;2026082705	0.874892558869293	0.909090909090909			
EFNB2	organic_ED_nonDM	non-DM_2				2026090814	0.212807590760019	0.776499350928158	0.98001998001998	0.98001998001998			ATF3;VEGFA;PGF;GPC4;CDKN1A;ADM;AKAP12;SRPX;IGFBP3;CHST2;F3;GPC3;STC1;FOS;DDIT4;HS3ST1;BGN;JUN;SDC3;CCNG2;TGFBI;CDKN1C;ZFP36;PAM;PNRC1;BTG1;WSB1;SERPINE1;CAV1;PGM1;MAFF;ANXA2;MT1E;CITED2;DCN;SLC2A3;BCL2;VLDLR;CSRP2;IER3;COL5A1;PRDX5;BHLHE40;NDRG1;NFIL3;DUSP1;LOX;HK2;ILVBL;EFNA1;CA12;STC2;MYH9;ANGPTL4;ACKR3;IDS;UGP2;NR3C1;EGFR;TPI1;LDHA;IRS2;SLC25A1;PLIN2;SDC4;BNIP3L;SDC2;HEXA;HSPA5;CDKN1B;MXI1;ERO1A;P4HA2;TES;FAM162A;GBE1;SAP30;MT2A;PPP1R15A;LXN;KLF6;NEDD4L;GCNT2;PPARGC1A;SLC2A1;GRHPR;GLRX;FOXO3;P4HA1;SULT2B1;TPBG;HDLBP;ZNF292;NAGK;RBPJ;XPNPEP1;S100A4;PFKL;TIPARP;PRKCA;TMEM45A;PGK1;ENO1;CHST3;KLHL24	105	32	Leave-one-seed (n=45)	2026082703.0	2026082701;2026082702;2026082704;2026082705	0.874892558869293	0.909090909090909			
EFNB2	organic_ED_nonDM	non-DM_2				2026090815	0.212807590760019	0.776532718151321	0.984015984015984	0.984015984015984			ATF3;VEGFA;PGF;GPC4;CDKN1A;ADM;AKAP12;SRPX;IGFBP3;CHST2;F3;GPC3;STC1;FOS;DDIT4;HS3ST1;BGN;JUN;SDC3;CCNG2;TGFBI;CDKN1C;ZFP36;PAM;PNRC1;BTG1;WSB1;SERPINE1;CAV1;PGM1;MAFF;ANXA2;MT1E;CITED2;DCN;SLC2A3;BCL2;VLDLR;CSRP2;IER3;COL5A1;PRDX5;BHLHE40;NDRG1;NFIL3;DUSP1;LOX;HK2;ILVBL;EFNA1;CA12;STC2;MYH9;ANGPTL4;ACKR3;IDS;UGP2;NR3C1;EGFR;TPI1;LDHA;IRS2;SLC25A1;PLIN2;SDC4;BNIP3L;SDC2;HEXA;HSPA5;CDKN1B;MXI1;ERO1A;P4HA2;TES;FAM162A;GBE1;SAP30;MT2A;PPP1R15A;LXN;KLF6;NEDD4L;GCNT2;PPARGC1A;SLC2A1;GRHPR;GLRX;FOXO3;P4HA1;SULT2B1;TPBG;HDLBP;ZNF292;NAGK;RBPJ;XPNPEP1;S100A4;PFKL;TIPARP;PRKCA;TMEM45A;PGK1;ENO1;CHST3;KLHL24	105	32	Leave-one-seed (n=45)	2026082704.0	2026082701;2026082702;2026082703;2026082705	0.874892558869293	0.909090909090909			
EFNB2	organic_ED_nonDM	non-DM_2				2026090816	0.212807590760019	0.776943098668546	0.992007992007992	0.992007992007992			ATF3;VEGFA;PGF;GPC4;CDKN1A;ADM;AKAP12;SRPX;IGFBP3;CHST2;F3;GPC3;STC1;FOS;DDIT4;HS3ST1;BGN;JUN;SDC3;CCNG2;TGFBI;CDKN1C;ZFP36;PAM;PNRC1;BTG1;WSB1;SERPINE1;CAV1;PGM1;MAFF;ANXA2;MT1E;CITED2;DCN;SLC2A3;BCL2;VLDLR;CSRP2;IER3;COL5A1;PRDX5;BHLHE40;NDRG1;NFIL3;DUSP1;LOX;HK2;ILVBL;EFNA1;CA12;STC2;MYH9;ANGPTL4;ACKR3;IDS;UGP2;NR3C1;EGFR;TPI1;LDHA;IRS2;SLC25A1;PLIN2;SDC4;BNIP3L;SDC2;HEXA;HSPA5;CDKN1B;MXI1;ERO1A;P4HA2;TES;FAM162A;GBE1;SAP30;MT2A;PPP1R15A;LXN;KLF6;NEDD4L;GCNT2;PPARGC1A;SLC2A1;GRHPR;GLRX;FOXO3;P4HA1;SULT2B1;TPBG;HDLBP;ZNF292;NAGK;RBPJ;XPNPEP1;S100A4;PFKL;TIPARP;PRKCA;TMEM45A;PGK1;ENO1;CHST3;KLHL24	105	32	Leave-one-seed (n=45)	2026082705.0	2026082701;2026082702;2026082703;2026082704	0.874892558869293	0.909090909090909			
EFNB2	organic_ED_nonDM	non-DM_3				2026090817	0.196856259852013	0.719916793205862	0.995004995004995	0.995004995004995			GPC3;DDIT4;ATF3;FOS;AKAP12;CHST2;ZFP36;JUN;SLC2A1;SERPINE1;VEGFA;IGFBP3;CDKN1A;PNRC1;CCNG2;DCN;NFIL3;GPC4;WSB1;MT1E;MAFF;DUSP1;PGF;ADM;IER3;CAV1;F3;STC1;IRS2;PAM;RORA;ANXA2;EGFR;CDKN1C;LDHA;SRPX;CSRP2;BCL2;GLRX;NDRG1;ANGPTL4;LOX;SDC2;BTG1;FBP1;HS3ST1;SDC3;HSPA5;MYH9;TIPARP;TGM2;GAPDH;TGFBI;BGN;VLDLR;PPP1R15A;PRDX5;KLF7;COL5A1;PGM1;UGP2;ALDOA;KDELR3;PDGFB;STC2;CDKN1B;HDLBP;ZNF292;ENO1;ERRFI1;SAP30;GPC1;PFKL;P4HA1;ILVBL;PGK1;CHST3;EFNA1;GBE1;RBPJ;PYGM;FAM162A;FOXO3;HK2;BHLHE40;CA12;IDS;SELENBP1;TGFB3;PRKCA;RRAGD;CITED2;CP;FOSL2;DTNA;MXI1;HEXA;PPP1R3C;PLIN2;GPI;SDC4;PGAM2;ERO1A;SLC2A3;NR3C1;CXCR4;KLHL24;SULT2B1;VHL;EXT1;ISG20;TES;TPD52;TPBG;LXN;ATP7A;BCAN;TPST2	118	32	Leave-one-seed (n=45)	2026082701.0	2026082702;2026082703;2026082704;2026082705	0.764853305821604	0.806451612903226			
EFNB2	organic_ED_nonDM	non-DM_3				2026090818	0.217736540549941	0.794044933269187	0.971028971028971	0.971028971028971			GPC3;DDIT4;ATF3;FOS;CHST2;IGFBP3;VEGFA;AKAP12;ZFP36;CCNG2;JUN;SERPINE1;PNRC1;MT1E;CAV1;F3;CDKN1A;SLC2A1;DUSP1;GPC4;EGFR;ADM;DCN;NFIL3;ANGPTL4;ANXA2;MAFF;WSB1;IER3;PGF;MYH9;CDKN1C;PGM1;RORA;PAM;GLRX;GAPDH;FBP1;STC1;LDHA;CSRP2;KLF7;ALDOA;SDC3;IRS2;PPP1R15A;NDRG1;EFNA1;LOX;SRPX;COL5A1;KDELR3;TIPARP;HDLBP;BTG1;SAP30;BCL2;CP;DTNA;CITED2;BGN;RBPJ;PFKL;PLIN2;SELENBP1;TGM2;SDC2;TPI1;PFKP;PGK1;HEXA;HS3ST1;PRDX5;PDGFB;ZNF292;TMEM45A;HSPA5;PPP1R3C;CA12;PYGM;SLC2A3;GPI;STC2;PIM1;TGFB3;UGP2;GPC1;TPD52;MT2A;KLF6;CDKN1B;ERO1A;HK2;ERRFI1;RRAGD;FAM162A;ILVBL;P4HA1;FOXO3	99	32	Leave-one-seed (n=45)	2026082702.0	2026082701;2026082703;2026082704;2026082705	0.764853305821604	0.846846846846847			
EFNB2	organic_ED_nonDM	non-DM_3				2026090819	0.217736540549941	0.796744366724124	0.963036963036963	0.963036963036963			GPC3;DDIT4;ATF3;FOS;CHST2;IGFBP3;VEGFA;AKAP12;ZFP36;CCNG2;JUN;SERPINE1;PNRC1;MT1E;CAV1;F3;CDKN1A;SLC2A1;DUSP1;GPC4;EGFR;ADM;DCN;NFIL3;ANGPTL4;ANXA2;MAFF;WSB1;IER3;PGF;MYH9;CDKN1C;PGM1;RORA;PAM;GLRX;GAPDH;FBP1;STC1;LDHA;CSRP2;KLF7;ALDOA;SDC3;IRS2;PPP1R15A;NDRG1;EFNA1;LOX;SRPX;COL5A1;KDELR3;TIPARP;HDLBP;BTG1;SAP30;BCL2;CP;DTNA;CITED2;BGN;RBPJ;PFKL;PLIN2;SELENBP1;TGM2;SDC2;TPI1;PFKP;PGK1;HEXA;HS3ST1;PRDX5;PDGFB;ZNF292;TMEM45A;HSPA5;PPP1R3C;CA12;PYGM;SLC2A3;GPI;STC2;PIM1;TGFB3;UGP2;GPC1;TPD52;MT2A;KLF6;CDKN1B;ERO1A;HK2;ERRFI1;RRAGD;FAM162A;ILVBL;P4HA1;FOXO3	99	32	Leave-one-seed (n=45)	2026082703.0	2026082701;2026082702;2026082704;2026082705	0.764853305821604	0.846846846846847			
EFNB2	organic_ED_nonDM	non-DM_3				2026090820	0.217736540549941	0.795499588686857	0.977022977022977	0.977022977022977			GPC3;DDIT4;ATF3;FOS;CHST2;IGFBP3;VEGFA;AKAP12;ZFP36;CCNG2;JUN;SERPINE1;PNRC1;MT1E;CAV1;F3;CDKN1A;SLC2A1;DUSP1;GPC4;EGFR;ADM;DCN;NFIL3;ANGPTL4;ANXA2;MAFF;WSB1;IER3;PGF;MYH9;CDKN1C;PGM1;RORA;PAM;GLRX;GAPDH;FBP1;STC1;LDHA;CSRP2;KLF7;ALDOA;SDC3;IRS2;PPP1R15A;NDRG1;EFNA1;LOX;SRPX;COL5A1;KDELR3;TIPARP;HDLBP;BTG1;SAP30;BCL2;CP;DTNA;CITED2;BGN;RBPJ;PFKL;PLIN2;SELENBP1;TGM2;SDC2;TPI1;PFKP;PGK1;HEXA;HS3ST1;PRDX5;PDGFB;ZNF292;TMEM45A;HSPA5;PPP1R3C;CA12;PYGM;SLC2A3;GPI;STC2;PIM1;TGFB3;UGP2;GPC1;TPD52;MT2A;KLF6;CDKN1B;ERO1A;HK2;ERRFI1;RRAGD;FAM162A;ILVBL;P4HA1;FOXO3	99	32	Leave-one-seed (n=45)	2026082704.0	2026082701;2026082702;2026082703;2026082705	0.764853305821604	0.846846846846847			
EFNB2	organic_ED_nonDM	non-DM_3				2026090821	0.217736540549941	0.793021028769809	0.973026973026973	0.973026973026973			GPC3;DDIT4;ATF3;FOS;CHST2;IGFBP3;VEGFA;AKAP12;ZFP36;CCNG2;JUN;SERPINE1;PNRC1;MT1E;CAV1;F3;CDKN1A;SLC2A1;DUSP1;GPC4;EGFR;ADM;DCN;NFIL3;ANGPTL4;ANXA2;MAFF;WSB1;IER3;PGF;MYH9;CDKN1C;PGM1;RORA;PAM;GLRX;GAPDH;FBP1;STC1;LDHA;CSRP2;KLF7;ALDOA;SDC3;IRS2;PPP1R15A;NDRG1;EFNA1;LOX;SRPX;COL5A1;KDELR3;TIPARP;HDLBP;BTG1;SAP30;BCL2;CP;DTNA;CITED2;BGN;RBPJ;PFKL;PLIN2;SELENBP1;TGM2;SDC2;TPI1;PFKP;PGK1;HEXA;HS3ST1;PRDX5;PDGFB;ZNF292;TMEM45A;HSPA5;PPP1R3C;CA12;PYGM;SLC2A3;GPI;STC2;PIM1;TGFB3;UGP2;GPC1;TPD52;MT2A;KLF6;CDKN1B;ERO1A;HK2;ERRFI1;RRAGD;FAM162A;ILVBL;P4HA1;FOXO3	99	32	Leave-one-seed (n=45)	2026082705.0	2026082701;2026082702;2026082703;2026082704	0.764853305821604	0.846846846846847			
LRRC17	organic_ED_nonDM	non-DM_1				2026090822	0.202261750054525	0.735351750917219	0.994005994005994	0.994005994005994			GPC3;ADM;PGF;BGN;GPC4;IGFBP3;MAFF;SRPX;SERPINE1;DCN;ATF3;CHST2;PAM;NDRG1;STC1;VEGFA;F3;WSB1;TIPARP;SDC3;PPP1R15A;CDKN1A;PGM1;HS3ST1;BTG1;PNRC1;DDIT4;ZFP36;AKAP12;NFIL3;CDKN1C;BHLHE40;SDC2;IRS2;PLIN2;ACKR3;FOS;DUSP1;KLF6;GLRX;HSPA5;HAS1;KDELR3;HK2;ERRFI1;SLC2A3;HEXA;CAV1;NOCT;ILVBL;CCNG2;IER3;GBE1;LOX;RORA;BCL2;TES;MYH9;ETS1;PFKP;JUN;NR3C1;CHST3;PIM1;ALDOA;ANXA2;MT1E;TGM2;GAPDH;ENO1;S100A4;P4HA2;EFNA1;FOXO3;IL6;PGK1;AK4;CITED2;ADORA2B;ZNF292;GRHPR;EGFR;PRDX5;TGFBI;ANGPTL4;CA12;SLC25A1;SAP30;VLDLR;P4HA1;TGFB3;KLF7;NEDD4L;GPI;HDLBP;GAA;BNIP3L;TPBG;FAM162A;KLHL24;TMEM45A;IDS;KDM3A;MT2A;LXN;TPI1;SDC4;RBPJ;MIF;CP;NAGK;ENO2	112	30	Leave-one-seed (n=45)	2026082701.0	2026082702;2026082703;2026082704;2026082705	0.810235317754057	0.846153846153846			
LRRC17	organic_ED_nonDM	non-DM_1				2026090823	0.242832976003778	0.892435224417229	0.838161838161838	0.932663316582915			GPC3;ADM;PGF;BGN;GPC4;SRPX;IGFBP3;STC1;MAFF;SERPINE1;ATF3;DCN;TIPARP;CHST2;WSB1;PPP1R15A;F3;VEGFA;NDRG1;PNRC1;SDC3;PAM;PGM1;ZFP36;CDKN1A;CDKN1C;AKAP12;HS3ST1;NFIL3;IRS2;FOS;BTG1;KLF6;PLIN2;DDIT4;HSPA5;DUSP1;SDC2;ACKR3;CCNG2;BHLHE40;ANXA2;KDELR3;GLRX;CAV1;IER3;RORA;CSRP2;LOX;SLC2A3;PIM1;HAS1;ERRFI1;PFKP;JUN;MT1E;HEXA;ILVBL;ALDOA;CHST3;GBE1;PRDX5;PGK1;CP;TES;NOCT;BCL2;HDLBP;HK2;ETS1;IL6;CITED2;MT2A;FOXO3;BNIP3L;MYH9;TPI1;NAGK;TPBG;VLDLR;UGP2;ENO1;NR3C1;P4HA1;KLF7;S100A4;DPYSL4;SLC25A1;IDS;PGAM2;GRHPR;P4HA2;SAP30;AK4;PFKL;ADORA2B;FOSL2;PLAUR;SDC4;LDHA;GAA;GAPDH;EFNA1;GCK;CA12;SELENBP1;ISG20;TMEM45A;EGFR;ANGPTL4;KLHL24;EXT1;NDST1	113	28	Leave-one-seed (n=45)	2026082702.0	2026082701;2026082703;2026082704;2026082705	0.810235317754057	0.870689655172414			
LRRC17	organic_ED_nonDM	non-DM_1				2026090824	0.242832976003778	0.884856857060209	0.845154845154845	0.932663316582915			GPC3;ADM;PGF;BGN;GPC4;SRPX;IGFBP3;STC1;MAFF;SERPINE1;ATF3;DCN;TIPARP;CHST2;WSB1;PPP1R15A;F3;VEGFA;NDRG1;PNRC1;SDC3;PAM;PGM1;ZFP36;CDKN1A;CDKN1C;AKAP12;HS3ST1;NFIL3;IRS2;FOS;BTG1;KLF6;PLIN2;DDIT4;HSPA5;DUSP1;SDC2;ACKR3;CCNG2;BHLHE40;ANXA2;KDELR3;GLRX;CAV1;IER3;RORA;CSRP2;LOX;SLC2A3;PIM1;HAS1;ERRFI1;PFKP;JUN;MT1E;HEXA;ILVBL;ALDOA;CHST3;GBE1;PRDX5;PGK1;CP;TES;NOCT;BCL2;HDLBP;HK2;ETS1;IL6;CITED2;MT2A;FOXO3;BNIP3L;MYH9;TPI1;NAGK;TPBG;VLDLR;UGP2;ENO1;NR3C1;P4HA1;KLF7;S100A4;DPYSL4;SLC25A1;IDS;PGAM2;GRHPR;P4HA2;SAP30;AK4;PFKL;ADORA2B;FOSL2;PLAUR;SDC4;LDHA;GAA;GAPDH;EFNA1;GCK;CA12;SELENBP1;ISG20;TMEM45A;EGFR;ANGPTL4;KLHL24;EXT1;NDST1	113	28	Leave-one-seed (n=45)	2026082703.0	2026082701;2026082702;2026082704;2026082705	0.810235317754057	0.870689655172414			
LRRC17	organic_ED_nonDM	non-DM_1				2026090825	0.242832976003778	0.889269590132776	0.854145854145854	0.938569989929507			GPC3;ADM;PGF;BGN;GPC4;SRPX;IGFBP3;STC1;MAFF;SERPINE1;ATF3;DCN;TIPARP;CHST2;WSB1;PPP1R15A;F3;VEGFA;NDRG1;PNRC1;SDC3;PAM;PGM1;ZFP36;CDKN1A;CDKN1C;AKAP12;HS3ST1;NFIL3;IRS2;FOS;BTG1;KLF6;PLIN2;DDIT4;HSPA5;DUSP1;SDC2;ACKR3;CCNG2;BHLHE40;ANXA2;KDELR3;GLRX;CAV1;IER3;RORA;CSRP2;LOX;SLC2A3;PIM1;HAS1;ERRFI1;PFKP;JUN;MT1E;HEXA;ILVBL;ALDOA;CHST3;GBE1;PRDX5;PGK1;CP;TES;NOCT;BCL2;HDLBP;HK2;ETS1;IL6;CITED2;MT2A;FOXO3;BNIP3L;MYH9;TPI1;NAGK;TPBG;VLDLR;UGP2;ENO1;NR3C1;P4HA1;KLF7;S100A4;DPYSL4;SLC25A1;IDS;PGAM2;GRHPR;P4HA2;SAP30;AK4;PFKL;ADORA2B;FOSL2;PLAUR;SDC4;LDHA;GAA;GAPDH;EFNA1;GCK;CA12;SELENBP1;ISG20;TMEM45A;EGFR;ANGPTL4;KLHL24;EXT1;NDST1	113	28	Leave-one-seed (n=45)	2026082704.0	2026082701;2026082702;2026082703;2026082705	0.810235317754057	0.870689655172414			
LRRC17	organic_ED_nonDM	non-DM_1				2026090826	0.242832976003778	0.886000332170351	0.851148851148851	0.9376			GPC3;ADM;PGF;BGN;GPC4;SRPX;IGFBP3;STC1;MAFF;SERPINE1;ATF3;DCN;TIPARP;CHST2;WSB1;PPP1R15A;F3;VEGFA;NDRG1;PNRC1;SDC3;PAM;PGM1;ZFP36;CDKN1A;CDKN1C;AKAP12;HS3ST1;NFIL3;IRS2;FOS;BTG1;KLF6;PLIN2;DDIT4;HSPA5;DUSP1;SDC2;ACKR3;CCNG2;BHLHE40;ANXA2;KDELR3;GLRX;CAV1;IER3;RORA;CSRP2;LOX;SLC2A3;PIM1;HAS1;ERRFI1;PFKP;JUN;MT1E;HEXA;ILVBL;ALDOA;CHST3;GBE1;PRDX5;PGK1;CP;TES;NOCT;BCL2;HDLBP;HK2;ETS1;IL6;CITED2;MT2A;FOXO3;BNIP3L;MYH9;TPI1;NAGK;TPBG;VLDLR;UGP2;ENO1;NR3C1;P4HA1;KLF7;S100A4;DPYSL4;SLC25A1;IDS;PGAM2;GRHPR;P4HA2;SAP30;AK4;PFKL;ADORA2B;FOSL2;PLAUR;SDC4;LDHA;GAA;GAPDH;EFNA1;GCK;CA12;SELENBP1;ISG20;TMEM45A;EGFR;ANGPTL4;KLHL24;EXT1;NDST1	113	28	Leave-one-seed (n=45)	2026082705.0	2026082701;2026082702;2026082703;2026082704	0.810235317754057	0.870689655172414			
LRRC17	organic_ED_nonDM	non-DM_2				2026090827	0.232876204983643	0.848045545366776	0.928071928071928	0.931			ATF3;PGF;VEGFA;GPC3;F3;CDKN1A;GPC4;CHST2;SRPX;FOS;AKAP12;ADM;JUN;TGFBI;STC1;ZFP36;DDIT4;BGN;IGFBP3;PNRC1;SDC3;HS3ST1;BTG1;PAM;CDKN1C;WSB1;SLC2A3;CSRP2;BCL2;PGM1;DUSP1;CAV1;CCNG2;MT1E;DCN;NDRG1;IER3;PRDX5;LOX;ANXA2;MAFF;ACKR3;CITED2;BHLHE40;SERPINE1;NFIL3;EFNA1;NR3C1;HSPA5;UGP2;ANGPTL4;VLDLR;ILVBL;CA12;SDC4;LDHA;BNIP3L;IDS;SLC25A1;PLIN2;TPI1;P4HA2;HK2;HEXA;FAM162A;MXI1;MT2A;IRS2;COL5A1;SDC2;STC2;PPARGC1A;ENO1;GBE1;RORA;GLRX;PGK1;FOXO3;SAP30;NEDD4L;TIPARP;CDKN1B;HDLBP;EGFR;GRHPR;NAGK;TPD52;ERO1A;LXN;TPBG;PRKCA;MIF;PPP1R15A;SELENBP1;TES;TMEM45A;RBPJ	97	29	Leave-one-seed (n=45)	2026082701.0	2026082702;2026082703;2026082704;2026082705	0.886962145363145	0.932038834951456			
LRRC17	organic_ED_nonDM	non-DM_2				2026090828	0.192460700939219	0.704084371381029	0.996003996003996	0.996003996003996			ATF3;VEGFA;PGF;GPC4;CDKN1A;ADM;AKAP12;F3;SRPX;IGFBP3;CHST2;GPC3;FOS;STC1;DDIT4;BGN;TGFBI;HS3ST1;JUN;PAM;SDC3;ZFP36;CDKN1C;CCNG2;PNRC1;DCN;BTG1;CAV1;SERPINE1;WSB1;CSRP2;PGM1;CITED2;MAFF;MT1E;SLC2A3;NDRG1;BCL2;IER3;BHLHE40;COL5A1;LOX;ANXA2;PRDX5;HK2;VLDLR;EFNA1;DUSP1;NFIL3;ILVBL;CA12;NR3C1;STC2;EGFR;ANGPTL4;ACKR3;MYH9;IDS;TPI1;SDC2;LDHA;SLC25A1;SDC4;UGP2;IRS2;PLIN2;HSPA5;BNIP3L;HEXA;SAP30;ERO1A;CDKN1B;MXI1;LXN;P4HA2;TES;PPARGC1A;GBE1;PPP1R15A;RORA;MT2A;NEDD4L;FAM162A;TPBG;GCNT2;PFKL;SLC2A1;GRHPR;TIPARP;ZNF292;SULT2B1;FOXO3;NAGK;GLRX;XPNPEP1	95	32	Leave-one-seed (n=45)	2026082702.0	2026082701;2026082703;2026082704;2026082705	0.886962145363145	0.876190476190476			
LRRC17	organic_ED_nonDM	non-DM_2				2026090829	0.192460700939219	0.700154728873672	1.0	1.0			ATF3;VEGFA;PGF;GPC4;CDKN1A;ADM;AKAP12;F3;SRPX;IGFBP3;CHST2;GPC3;FOS;STC1;DDIT4;BGN;TGFBI;HS3ST1;JUN;PAM;SDC3;ZFP36;CDKN1C;CCNG2;PNRC1;DCN;BTG1;CAV1;SERPINE1;WSB1;CSRP2;PGM1;CITED2;MAFF;MT1E;SLC2A3;NDRG1;BCL2;IER3;BHLHE40;COL5A1;LOX;ANXA2;PRDX5;HK2;VLDLR;EFNA1;DUSP1;NFIL3;ILVBL;CA12;NR3C1;STC2;EGFR;ANGPTL4;ACKR3;MYH9;IDS;TPI1;SDC2;LDHA;SLC25A1;SDC4;UGP2;IRS2;PLIN2;HSPA5;BNIP3L;HEXA;SAP30;ERO1A;CDKN1B;MXI1;LXN;P4HA2;TES;PPARGC1A;GBE1;PPP1R15A;RORA;MT2A;NEDD4L;FAM162A;TPBG;GCNT2;PFKL;SLC2A1;GRHPR;TIPARP;ZNF292;SULT2B1;FOXO3;NAGK;GLRX;XPNPEP1	95	32	Leave-one-seed (n=45)	2026082703.0	2026082701;2026082702;2026082704;2026082705	0.886962145363145	0.876190476190476			
LRRC17	organic_ED_nonDM	non-DM_2				2026090830	0.192460700939219	0.702717474564558	0.998001998001998	0.998001998001998			ATF3;VEGFA;PGF;GPC4;CDKN1A;ADM;AKAP12;F3;SRPX;IGFBP3;CHST2;GPC3;FOS;STC1;DDIT4;BGN;TGFBI;HS3ST1;JUN;PAM;SDC3;ZFP36;CDKN1C;CCNG2;PNRC1;DCN;BTG1;CAV1;SERPINE1;WSB1;CSRP2;PGM1;CITED2;MAFF;MT1E;SLC2A3;NDRG1;BCL2;IER3;BHLHE40;COL5A1;LOX;ANXA2;PRDX5;HK2;VLDLR;EFNA1;DUSP1;NFIL3;ILVBL;CA12;NR3C1;STC2;EGFR;ANGPTL4;ACKR3;MYH9;IDS;TPI1;SDC2;LDHA;SLC25A1;SDC4;UGP2;IRS2;PLIN2;HSPA5;BNIP3L;HEXA;SAP30;ERO1A;CDKN1B;MXI1;LXN;P4HA2;TES;PPARGC1A;GBE1;PPP1R15A;RORA;MT2A;NEDD4L;FAM162A;TPBG;GCNT2;PFKL;SLC2A1;GRHPR;TIPARP;ZNF292;SULT2B1;FOXO3;NAGK;GLRX;XPNPEP1	95	32	Leave-one-seed (n=45)	2026082704.0	2026082701;2026082702;2026082703;2026082705	0.886962145363145	0.876190476190476			
LRRC17	organic_ED_nonDM	non-DM_2				2026090831	0.192460700939219	0.706986595935904	0.997002997002997	0.997002997002997			ATF3;VEGFA;PGF;GPC4;CDKN1A;ADM;AKAP12;F3;SRPX;IGFBP3;CHST2;GPC3;FOS;STC1;DDIT4;BGN;TGFBI;HS3ST1;JUN;PAM;SDC3;ZFP36;CDKN1C;CCNG2;PNRC1;DCN;BTG1;CAV1;SERPINE1;WSB1;CSRP2;PGM1;CITED2;MAFF;MT1E;SLC2A3;NDRG1;BCL2;IER3;BHLHE40;COL5A1;LOX;ANXA2;PRDX5;HK2;VLDLR;EFNA1;DUSP1;NFIL3;ILVBL;CA12;NR3C1;STC2;EGFR;ANGPTL4;ACKR3;MYH9;IDS;TPI1;SDC2;LDHA;SLC25A1;SDC4;UGP2;IRS2;PLIN2;HSPA5;BNIP3L;HEXA;SAP30;ERO1A;CDKN1B;MXI1;LXN;P4HA2;TES;PPARGC1A;GBE1;PPP1R15A;RORA;MT2A;NEDD4L;FAM162A;TPBG;GCNT2;PFKL;SLC2A1;GRHPR;TIPARP;ZNF292;SULT2B1;FOXO3;NAGK;GLRX;XPNPEP1	95	32	Leave-one-seed (n=45)	2026082705.0	2026082701;2026082702;2026082703;2026082704	0.886962145363145	0.876190476190476			
LRRC17	organic_ED_nonDM	non-DM_3				2026090832	0.216589393497484	0.795683254408997	0.97002997002997	0.97002997002997			GPC3;DDIT4;ATF3;FOS;AKAP12;CHST2;ZFP36;JUN;SERPINE1;VEGFA;IGFBP3;CDKN1A;SLC2A1;PNRC1;DCN;CCNG2;NFIL3;GPC4;MT1E;WSB1;MAFF;PGF;DUSP1;ADM;IER3;CAV1;F3;STC1;IRS2;RORA;PAM;LDHA;EGFR;MT2A;CDKN1C;NDRG1;SRPX;CSRP2;ANXA2;GLRX;BCL2;ANGPTL4;LOX;SDC2;BTG1;SDC3;HS3ST1;MYH9;TGM2;GAPDH;FBP1;HSPA5;BGN;TGFBI;TIPARP;PPP1R15A;ALDOA;KDELR3;KLF7;VLDLR;COL5A1;PGM1;PRDX5;UGP2;STC2;SAP30;CDKN1B;ENO1;PDGFB;HDLBP;RBPJ;P4HA1;PFKL;ZNF292;PGK1;TPD52;ILVBL;EFNA1;ERRFI1;FOXO3;GPC1;BHLHE40;CA12;GBE1;PYGM;CHST3;PLIN2;PRKCA;CITED2;RRAGD;HK2;TGFB3;FAM162A;HEXA;TMEM45A;SELENBP1;IDS;ACKR3;CP;PPP1R3C;FOSL2;DTNA;ETS1;MXI1;SLC2A3;NR3C1;EXT1;BNIP3L;GPI;PGAM2;ISG20;VHL;SDC4;SULT2B1;TES;MIF;TPBG;ERO1A;LXN;CXCR4	120	32	Leave-one-seed (n=45)	2026082701.0	2026082702;2026082703;2026082704;2026082705	0.77880456642162	0.903225806451613			
LRRC17	organic_ED_nonDM	non-DM_3				2026090833	0.215530304935562	0.787348557806546	0.981018981018981	0.981018981018981			GPC3;DDIT4;ATF3;FOS;CHST2;IGFBP3;VEGFA;ZFP36;AKAP12;CCNG2;JUN;PNRC1;MT1E;SERPINE1;F3;SLC2A1;CAV1;DUSP1;CDKN1A;GPC4;DCN;EGFR;NFIL3;ANGPTL4;ADM;ANXA2;WSB1;MAFF;PGF;IER3;MYH9;PGM1;CDKN1C;FBP1;RORA;PAM;GLRX;GAPDH;STC1;KLF7;CSRP2;MT2A;NDRG1;ALDOA;LDHA;SDC3;IRS2;PPP1R15A;BTG1;KDELR3;TIPARP;EFNA1;COL5A1;LOX;HDLBP;SRPX;CITED2;SAP30;CP;BCL2;SDC2;RBPJ;PFKL;DTNA;PLIN2;BGN;PDGFB;PRDX5;TGM2;SELENBP1;PFKP;HEXA;PGK1;TPI1;HSPA5;ZNF292;HS3ST1;SLC2A3;GPC1;PPP1R3C;TMEM45A;GPI;CDKN1B;PYGM;PIM1;TPD52;TGFB3;CA12;UGP2;STC2;ERRFI1;ERO1A;KLF6;MIF;HK2;RRAGD;ILVBL	97	32	Leave-one-seed (n=45)	2026082702.0	2026082701;2026082703;2026082704;2026082705	0.77880456642162	0.789915966386555			
LRRC17	organic_ED_nonDM	non-DM_3				2026090834	0.215530304935562	0.788556687997945	0.98001998001998	0.98001998001998			GPC3;DDIT4;ATF3;FOS;CHST2;IGFBP3;VEGFA;ZFP36;AKAP12;CCNG2;JUN;PNRC1;MT1E;SERPINE1;F3;SLC2A1;CAV1;DUSP1;CDKN1A;GPC4;DCN;EGFR;NFIL3;ANGPTL4;ADM;ANXA2;WSB1;MAFF;PGF;IER3;MYH9;PGM1;CDKN1C;FBP1;RORA;PAM;GLRX;GAPDH;STC1;KLF7;CSRP2;MT2A;NDRG1;ALDOA;LDHA;SDC3;IRS2;PPP1R15A;BTG1;KDELR3;TIPARP;EFNA1;COL5A1;LOX;HDLBP;SRPX;CITED2;SAP30;CP;BCL2;SDC2;RBPJ;PFKL;DTNA;PLIN2;BGN;PDGFB;PRDX5;TGM2;SELENBP1;PFKP;HEXA;PGK1;TPI1;HSPA5;ZNF292;HS3ST1;SLC2A3;GPC1;PPP1R3C;TMEM45A;GPI;CDKN1B;PYGM;PIM1;TPD52;TGFB3;CA12;UGP2;STC2;ERRFI1;ERO1A;KLF6;MIF;HK2;RRAGD;ILVBL	97	32	Leave-one-seed (n=45)	2026082703.0	2026082701;2026082702;2026082704;2026082705	0.77880456642162	0.789915966386555			
LRRC17	organic_ED_nonDM	non-DM_3				2026090835	0.215530304935562	0.783130043663545	0.981018981018981	0.981018981018981			GPC3;DDIT4;ATF3;FOS;CHST2;IGFBP3;VEGFA;ZFP36;AKAP12;CCNG2;JUN;PNRC1;MT1E;SERPINE1;F3;SLC2A1;CAV1;DUSP1;CDKN1A;GPC4;DCN;EGFR;NFIL3;ANGPTL4;ADM;ANXA2;WSB1;MAFF;PGF;IER3;MYH9;PGM1;CDKN1C;FBP1;RORA;PAM;GLRX;GAPDH;STC1;KLF7;CSRP2;MT2A;NDRG1;ALDOA;LDHA;SDC3;IRS2;PPP1R15A;BTG1;KDELR3;TIPARP;EFNA1;COL5A1;LOX;HDLBP;SRPX;CITED2;SAP30;CP;BCL2;SDC2;RBPJ;PFKL;DTNA;PLIN2;BGN;PDGFB;PRDX5;TGM2;SELENBP1;PFKP;HEXA;PGK1;TPI1;HSPA5;ZNF292;HS3ST1;SLC2A3;GPC1;PPP1R3C;TMEM45A;GPI;CDKN1B;PYGM;PIM1;TPD52;TGFB3;CA12;UGP2;STC2;ERRFI1;ERO1A;KLF6;MIF;HK2;RRAGD;ILVBL	97	32	Leave-one-seed (n=45)	2026082704.0	2026082701;2026082702;2026082703;2026082705	0.77880456642162	0.789915966386555			
LRRC17	organic_ED_nonDM	non-DM_3				2026090836	0.215530304935562	0.787584795450356	0.981018981018981	0.981018981018981			GPC3;DDIT4;ATF3;FOS;CHST2;IGFBP3;VEGFA;ZFP36;AKAP12;CCNG2;JUN;PNRC1;MT1E;SERPINE1;F3;SLC2A1;CAV1;DUSP1;CDKN1A;GPC4;DCN;EGFR;NFIL3;ANGPTL4;ADM;ANXA2;WSB1;MAFF;PGF;IER3;MYH9;PGM1;CDKN1C;FBP1;RORA;PAM;GLRX;GAPDH;STC1;KLF7;CSRP2;MT2A;NDRG1;ALDOA;LDHA;SDC3;IRS2;PPP1R15A;BTG1;KDELR3;TIPARP;EFNA1;COL5A1;LOX;HDLBP;SRPX;CITED2;SAP30;CP;BCL2;SDC2;RBPJ;PFKL;DTNA;PLIN2;BGN;PDGFB;PRDX5;TGM2;SELENBP1;PFKP;HEXA;PGK1;TPI1;HSPA5;ZNF292;HS3ST1;SLC2A3;GPC1;PPP1R3C;TMEM45A;GPI;CDKN1B;PYGM;PIM1;TPD52;TGFB3;CA12;UGP2;STC2;ERRFI1;ERO1A;KLF6;MIF;HK2;RRAGD;ILVBL	97	32	Leave-one-seed (n=45)	2026082705.0	2026082701;2026082702;2026082703;2026082704	0.77880456642162	0.789915966386555			
TYMS	normal	Normal_1				2026090837	0.225785017691678	0.817740586363005	0.949050949050949	0.967032967032967			FOS;BGN;JUN;ZFP36;ADM;CAV1;CA12;SRPX;SERPINE1;KDELR3;TGFBI;LXN;GPC1;PGF;CDKN1C;S100A4;TES;VLDLR;COL5A1;WSB1;MYH9;SDC2;AKAP12;STC1;ENO1;GAPDH;STC2;SDC4;LOX;BHLHE40;PAM;CSRP2;GPC3;GPC4;DCN;SELENBP1;VEGFA;PPP1R3C;TPD52;PNRC1;ANXA2;HSPA5;HEXA;CXCR4;KLF6;CHST2;ATF3;HDLBP;PFKP;PIM1;PGM1;P4HA1;NEDD4L;NAGK;SLC2A3;CP;GAA;NDRG1;SLC2A1;ACKR3;GLRX;EGFR;EFNA1;MAFF;MT1E;PPP1R15A;F3;CDKN1B;PRDX5;UGP2;TGFB3;NOCT;IRS2;LDHA;NFIL3;NR3C1;PGK1;BNIP3L;TNFAIP3;SLC2A5;ILVBL;P4HA2;RORA;ALDOA;DTNA;ADORA2B;DDIT4;GPI;ANGPTL4;TPI1;TIPARP;PLAC8;HK1;RBPJ;PRKCA;CHST3;PFKFB3;SLC37A4;PLAUR;AMPD3;ISG20;IGFBP3;BTG1	103	31	Leave-one-seed (n=45)	2026082701.0	2026082702;2026082703;2026082704;2026082705	0.732799029241354	0.830188679245283			
TYMS	normal	Normal_1				2026090838	0.189602912808742	0.688759487731802	0.999000999000999	0.999000999000999			FOS;BGN;JUN;ZFP36;SERPINE1;ADM;CAV1;SRPX;CDKN1C;PGF;KDELR3;CA12;SDC2;LXN;COL5A1;TES;MYH9;GAPDH;STC1;VEGFA;PAM;CXCR4;AKAP12;S100A4;TGFBI;WSB1;GPC1;BHLHE40;VLDLR;LOX;ENO1;SDC4;ANXA2;GPC3;CSRP2;SLC2A3;KLF6;GPC4;CP;HEXA;HSPA5;ATF3;SELENBP1;STC2;CHST2;P4HA1;PNRC1;HDLBP;PPP1R15A;CDKN1B;NAGK;PDK3;ACKR3;PIM1;PPP1R3C;DCN;PFKP;TGFB3;BTG1;TPI1;TIPARP;UGP2;IGFBP3;PGM1;NFIL3;MAFF;TPD52;MT1E;EGFR;TNFAIP3;ALDOA;GPI;EFNA1;LDHA;NR3C1;GAA;PLAC8;BNIP3L;NDRG1;NOCT;EXT1;KLF7;IRS2;ADORA2B;PLIN2;PRDX5;PFKFB3;STBD1;BCL2;PDK1;SLC25A1;SCARB1;MT2A;NEDD4L;ILVBL;PGK1;SAP30;P4HA2;PFKL;ANGPTL4;DDIT4;CITED2;RBPJ;SLC2A5;FOSL2;HK2;PKP1;TPBG;XPNPEP1;GYS1;SDC3;TMEM45A;ANKZF1;GLRX;PLAUR;ERRFI1;TPST2;ETS1;HK1;TKTL1;HMOX1;ISG20;EFNA3;VHL;DTNA;ENO3;F3;AK4;IER3;CCNG2;FBP1;AMPD3;ENO2;GBE1;PPFIA4;PGM2;ZNF292;INHA	138	32	Leave-one-seed (n=45)	2026082702.0	2026082701;2026082703;2026082704;2026082705	0.732799029241354	0.635714285714286			
TYMS	normal	Normal_1				2026090839	0.189602912808742	0.693691491766872	0.998001998001998	0.998001998001998			FOS;BGN;JUN;ZFP36;SERPINE1;ADM;CAV1;SRPX;CDKN1C;PGF;KDELR3;CA12;SDC2;LXN;COL5A1;TES;MYH9;GAPDH;STC1;VEGFA;PAM;CXCR4;AKAP12;S100A4;TGFBI;WSB1;GPC1;BHLHE40;VLDLR;LOX;ENO1;SDC4;ANXA2;GPC3;CSRP2;SLC2A3;KLF6;GPC4;CP;HEXA;HSPA5;ATF3;SELENBP1;STC2;CHST2;P4HA1;PNRC1;HDLBP;PPP1R15A;CDKN1B;NAGK;PDK3;ACKR3;PIM1;PPP1R3C;DCN;PFKP;TGFB3;BTG1;TPI1;TIPARP;UGP2;IGFBP3;PGM1;NFIL3;MAFF;TPD52;MT1E;EGFR;TNFAIP3;ALDOA;GPI;EFNA1;LDHA;NR3C1;GAA;PLAC8;BNIP3L;NDRG1;NOCT;EXT1;KLF7;IRS2;ADORA2B;PLIN2;PRDX5;PFKFB3;STBD1;BCL2;PDK1;SLC25A1;SCARB1;MT2A;NEDD4L;ILVBL;PGK1;SAP30;P4HA2;PFKL;ANGPTL4;DDIT4;CITED2;RBPJ;SLC2A5;FOSL2;HK2;PKP1;TPBG;XPNPEP1;GYS1;SDC3;TMEM45A;ANKZF1;GLRX;PLAUR;ERRFI1;TPST2;ETS1;HK1;TKTL1;HMOX1;ISG20;EFNA3;VHL;DTNA;ENO3;F3;AK4;IER3;CCNG2;FBP1;AMPD3;ENO2;GBE1;PPFIA4;PGM2;ZNF292;INHA	138	32	Leave-one-seed (n=45)	2026082703.0	2026082701;2026082702;2026082704;2026082705	0.732799029241354	0.635714285714286			
TYMS	normal	Normal_1				2026090840	0.189602912808742	0.692141612018147	0.999000999000999	0.999000999000999			FOS;BGN;JUN;ZFP36;SERPINE1;ADM;CAV1;SRPX;CDKN1C;PGF;KDELR3;CA12;SDC2;LXN;COL5A1;TES;MYH9;GAPDH;STC1;VEGFA;PAM;CXCR4;AKAP12;S100A4;TGFBI;WSB1;GPC1;BHLHE40;VLDLR;LOX;ENO1;SDC4;ANXA2;GPC3;CSRP2;SLC2A3;KLF6;GPC4;CP;HEXA;HSPA5;ATF3;SELENBP1;STC2;CHST2;P4HA1;PNRC1;HDLBP;PPP1R15A;CDKN1B;NAGK;PDK3;ACKR3;PIM1;PPP1R3C;DCN;PFKP;TGFB3;BTG1;TPI1;TIPARP;UGP2;IGFBP3;PGM1;NFIL3;MAFF;TPD52;MT1E;EGFR;TNFAIP3;ALDOA;GPI;EFNA1;LDHA;NR3C1;GAA;PLAC8;BNIP3L;NDRG1;NOCT;EXT1;KLF7;IRS2;ADORA2B;PLIN2;PRDX5;PFKFB3;STBD1;BCL2;PDK1;SLC25A1;SCARB1;MT2A;NEDD4L;ILVBL;PGK1;SAP30;P4HA2;PFKL;ANGPTL4;DDIT4;CITED2;RBPJ;SLC2A5;FOSL2;HK2;PKP1;TPBG;XPNPEP1;GYS1;SDC3;TMEM45A;ANKZF1;GLRX;PLAUR;ERRFI1;TPST2;ETS1;HK1;TKTL1;HMOX1;ISG20;EFNA3;VHL;DTNA;ENO3;F3;AK4;IER3;CCNG2;FBP1;AMPD3;ENO2;GBE1;PPFIA4;PGM2;ZNF292;INHA	138	32	Leave-one-seed (n=45)	2026082704.0	2026082701;2026082702;2026082703;2026082705	0.732799029241354	0.635714285714286			
TYMS	normal	Normal_1				2026090841	0.189602912808742	0.690057645334672	0.999000999000999	0.999000999000999			FOS;BGN;JUN;ZFP36;SERPINE1;ADM;CAV1;SRPX;CDKN1C;PGF;KDELR3;CA12;SDC2;LXN;COL5A1;TES;MYH9;GAPDH;STC1;VEGFA;PAM;CXCR4;AKAP12;S100A4;TGFBI;WSB1;GPC1;BHLHE40;VLDLR;LOX;ENO1;SDC4;ANXA2;GPC3;CSRP2;SLC2A3;KLF6;GPC4;CP;HEXA;HSPA5;ATF3;SELENBP1;STC2;CHST2;P4HA1;PNRC1;HDLBP;PPP1R15A;CDKN1B;NAGK;PDK3;ACKR3;PIM1;PPP1R3C;DCN;PFKP;TGFB3;BTG1;TPI1;TIPARP;UGP2;IGFBP3;PGM1;NFIL3;MAFF;TPD52;MT1E;EGFR;TNFAIP3;ALDOA;GPI;EFNA1;LDHA;NR3C1;GAA;PLAC8;BNIP3L;NDRG1;NOCT;EXT1;KLF7;IRS2;ADORA2B;PLIN2;PRDX5;PFKFB3;STBD1;BCL2;PDK1;SLC25A1;SCARB1;MT2A;NEDD4L;ILVBL;PGK1;SAP30;P4HA2;PFKL;ANGPTL4;DDIT4;CITED2;RBPJ;SLC2A5;FOSL2;HK2;PKP1;TPBG;XPNPEP1;GYS1;SDC3;TMEM45A;ANKZF1;GLRX;PLAUR;ERRFI1;TPST2;ETS1;HK1;TKTL1;HMOX1;ISG20;EFNA3;VHL;DTNA;ENO3;F3;AK4;IER3;CCNG2;FBP1;AMPD3;ENO2;GBE1;PPFIA4;PGM2;ZNF292;INHA	138	32	Leave-one-seed (n=45)	2026082705.0	2026082701;2026082702;2026082703;2026082704	0.732799029241354	0.635714285714286			
TYMS	normal	Normal_2				2026090842	0.194168580980052	0.706765498031067	0.996003996003996	0.996003996003996			GPC3;BGN;CA12;SRPX;CSRP2;PGF;VEGFA;GPC4;TES;TPD52;MT1E;SDC2;AKAP12;ZFP36;JUN;ADM;S100A4;F3;CDKN1C;FOS;RORA;CHST2;NFIL3;WSB1;CAV1;ACKR3;ANXA2;COL5A1;DDIT4;TGM2;ATF3;PAM;IGFBP3;DUSP1;SERPINE1;CDKN1A;STC1;IER3;KDELR3;LDHA;KLF6;HDLBP;MT2A;SELENBP1;HSPA5;MYH9;PPP1R3C;GLRX;ALDOA;GPC1;TKTL1;DTNA;PIM1;TPI1;P4HA1;MIF;FBP1;LXN;P4HA2;HEXA;SDC4;TNFAIP3;FAM162A;TGFBI;PFKP;BHLHE40;GBE1;GAPDH;SIAH2;ENO1;NDRG1;DCN;BTG1;PNRC1;PPP1R15A;TIPARP;ZNF292;EFNA1;MAFF;PRKCA;LOX;CDKN1B;BNIP3L;NEDD4L;SLC2A1;PRDX5;MXI1;PGK1;FOXO3;TPBG;TGFB3;ENO2;SDC3;BCL2;SLC25A1;PDGFB;ERRFI1;IL6;CCNG2;AMPD3;FOSL2;PLIN2;JMJD6	103	32	Leave-one-seed (n=45)	2026082701.0	2026082702;2026082703;2026082704;2026082705	0.742939965709597	0.792			
TYMS	normal	Normal_2				2026090843	0.198065523944597	0.716955397119322	0.995004995004995	0.995004995004995			GPC3;BGN;DCN;PGF;SDC2;SRPX;SERPINE1;JUN;CSRP2;GPC4;BTG1;CA12;FOS;PNRC1;ZFP36;ATF3;F3;DDIT4;NFIL3;TGM2;CDKN1A;MT2A;STC1;CP;ADM;TIPARP;MYH9;CHST2;BHLHE40;VEGFA;KDELR3;ENO1;PPP1R15A;MT1E;SLC2A3;LXN;KLF6;S100A4;DUSP1;ANGPTL4;IER3;EFNA1;MAFF;SDC4;CAV1;EGFR;LDHA;CDKN1C;IGFBP3;ANXA2;GAPDH;LOX;PDGFB;PAM;HDLBP;NDRG1;FOXO3;IDS;GLRX;AKAP12;TKTL1;PRKCA;P4HA2;UGP2;ERRFI1;TGFBI;TPD52;TES;CDKN1B;ALDOA;COL5A1;PRDX5;ZNF292;SLC2A1;HEXA;VLDLR;PIM1;TGFB3;HSPA5;HS3ST1;BNIP3L;IRS2;NR3C1;AMPD3;RBPJ;TPBG;HK1;PGK1;CCNG2;CITED2;PFKL;ILVBL;FAM162A;IL6;TPI1;MXI1;PHKG1;CHST3;PGAM2;FBP1;ANKZF1;P4HA1;PPARGC1A;EXT1;PFKFB3;GALK1;GPC1;SLC25A1;KLHL24;NAGK;BCL2;JMJD6;MIF;FOSL2;GAA;GBE1;PPP1R3C;SIAH2;DTNA;PLAUR;KDM3A;ENO2;SAP30;KLF7;TNFAIP3;ACKR3;GPI;AK4;PLIN2;ETS1	130	32	Leave-one-seed (n=45)	2026082702.0	2026082701;2026082703;2026082704;2026082705	0.742939965709597	0.873134328358209			
TYMS	normal	Normal_2				2026090844	0.198065523944597	0.723892628668898	0.996003996003996	0.996003996003996			GPC3;BGN;DCN;PGF;SDC2;SRPX;SERPINE1;JUN;CSRP2;GPC4;BTG1;CA12;FOS;PNRC1;ZFP36;ATF3;F3;DDIT4;NFIL3;TGM2;CDKN1A;MT2A;STC1;CP;ADM;TIPARP;MYH9;CHST2;BHLHE40;VEGFA;KDELR3;ENO1;PPP1R15A;MT1E;SLC2A3;LXN;KLF6;S100A4;DUSP1;ANGPTL4;IER3;EFNA1;MAFF;SDC4;CAV1;EGFR;LDHA;CDKN1C;IGFBP3;ANXA2;GAPDH;LOX;PDGFB;PAM;HDLBP;NDRG1;FOXO3;IDS;GLRX;AKAP12;TKTL1;PRKCA;P4HA2;UGP2;ERRFI1;TGFBI;TPD52;TES;CDKN1B;ALDOA;COL5A1;PRDX5;ZNF292;SLC2A1;HEXA;VLDLR;PIM1;TGFB3;HSPA5;HS3ST1;BNIP3L;IRS2;NR3C1;AMPD3;RBPJ;TPBG;HK1;PGK1;CCNG2;CITED2;PFKL;ILVBL;FAM162A;IL6;TPI1;MXI1;PHKG1;CHST3;PGAM2;FBP1;ANKZF1;P4HA1;PPARGC1A;EXT1;PFKFB3;GALK1;GPC1;SLC25A1;KLHL24;NAGK;BCL2;JMJD6;MIF;FOSL2;GAA;GBE1;PPP1R3C;SIAH2;DTNA;PLAUR;KDM3A;ENO2;SAP30;KLF7;TNFAIP3;ACKR3;GPI;AK4;PLIN2;ETS1	130	32	Leave-one-seed (n=45)	2026082703.0	2026082701;2026082702;2026082704;2026082705	0.742939965709597	0.873134328358209			
TYMS	normal	Normal_2				2026090845	0.198065523944597	0.726627107950559	0.996003996003996	0.996003996003996			GPC3;BGN;DCN;PGF;SDC2;SRPX;SERPINE1;JUN;CSRP2;GPC4;BTG1;CA12;FOS;PNRC1;ZFP36;ATF3;F3;DDIT4;NFIL3;TGM2;CDKN1A;MT2A;STC1;CP;ADM;TIPARP;MYH9;CHST2;BHLHE40;VEGFA;KDELR3;ENO1;PPP1R15A;MT1E;SLC2A3;LXN;KLF6;S100A4;DUSP1;ANGPTL4;IER3;EFNA1;MAFF;SDC4;CAV1;EGFR;LDHA;CDKN1C;IGFBP3;ANXA2;GAPDH;LOX;PDGFB;PAM;HDLBP;NDRG1;FOXO3;IDS;GLRX;AKAP12;TKTL1;PRKCA;P4HA2;UGP2;ERRFI1;TGFBI;TPD52;TES;CDKN1B;ALDOA;COL5A1;PRDX5;ZNF292;SLC2A1;HEXA;VLDLR;PIM1;TGFB3;HSPA5;HS3ST1;BNIP3L;IRS2;NR3C1;AMPD3;RBPJ;TPBG;HK1;PGK1;CCNG2;CITED2;PFKL;ILVBL;FAM162A;IL6;TPI1;MXI1;PHKG1;CHST3;PGAM2;FBP1;ANKZF1;P4HA1;PPARGC1A;EXT1;PFKFB3;GALK1;GPC1;SLC25A1;KLHL24;NAGK;BCL2;JMJD6;MIF;FOSL2;GAA;GBE1;PPP1R3C;SIAH2;DTNA;PLAUR;KDM3A;ENO2;SAP30;KLF7;TNFAIP3;ACKR3;GPI;AK4;PLIN2;ETS1	130	32	Leave-one-seed (n=45)	2026082704.0	2026082701;2026082702;2026082703;2026082705	0.742939965709597	0.873134328358209			
TYMS	normal	Normal_2				2026090846	0.198065523944597	0.722603231343132	0.997002997002997	0.997002997002997			GPC3;BGN;DCN;PGF;SDC2;SRPX;SERPINE1;JUN;CSRP2;GPC4;BTG1;CA12;FOS;PNRC1;ZFP36;ATF3;F3;DDIT4;NFIL3;TGM2;CDKN1A;MT2A;STC1;CP;ADM;TIPARP;MYH9;CHST2;BHLHE40;VEGFA;KDELR3;ENO1;PPP1R15A;MT1E;SLC2A3;LXN;KLF6;S100A4;DUSP1;ANGPTL4;IER3;EFNA1;MAFF;SDC4;CAV1;EGFR;LDHA;CDKN1C;IGFBP3;ANXA2;GAPDH;LOX;PDGFB;PAM;HDLBP;NDRG1;FOXO3;IDS;GLRX;AKAP12;TKTL1;PRKCA;P4HA2;UGP2;ERRFI1;TGFBI;TPD52;TES;CDKN1B;ALDOA;COL5A1;PRDX5;ZNF292;SLC2A1;HEXA;VLDLR;PIM1;TGFB3;HSPA5;HS3ST1;BNIP3L;IRS2;NR3C1;AMPD3;RBPJ;TPBG;HK1;PGK1;CCNG2;CITED2;PFKL;ILVBL;FAM162A;IL6;TPI1;MXI1;PHKG1;CHST3;PGAM2;FBP1;ANKZF1;P4HA1;PPARGC1A;EXT1;PFKFB3;GALK1;GPC1;SLC25A1;KLHL24;NAGK;BCL2;JMJD6;MIF;FOSL2;GAA;GBE1;PPP1R3C;SIAH2;DTNA;PLAUR;KDM3A;ENO2;SAP30;KLF7;TNFAIP3;ACKR3;GPI;AK4;PLIN2;ETS1	130	32	Leave-one-seed (n=45)	2026082705.0	2026082701;2026082702;2026082703;2026082704	0.742939965709597	0.873134328358209			
TYMS	normal	Normal_3				2026090847	0.189643329674913	0.697375412778704	0.997002997002997	0.997002997002997			BGN;CA12;SRPX;ACKR3;CAV1;ANXA2;MT1E;PPP1R3C;ENO1;S100A4;BHLHE40;SDC2;GPC4;AKAP12;F3;NDRG1;KDELR3;DCN;TGFBI;SDC4;LOX;EGFR;LXN;SELENBP1;COL5A1;DUSP1;RORA;TES;FBP1;NEDD4L;IGFBP3;IER3;PGM1;PIM1;JUN;PAM;IRS2;BTG1;SERPINE1;HDLBP;P4HA1;TIPARP;CP;KLF7;SDC3;PFKP;ALDOA;GAA;EFNA1;TPD52;HAS1;GLRX;STC1;P4HA2;GAPDH;SLC2A3;FOS;VLDLR;FAM162A;NFIL3;BCL2;LDHA;GBE1;TGM2;RBPJ;CSRP2;GPC1;UGP2;NAGK;SIAH2;NR3C1;MAFF;CDKN1A;PGF;ADORA2B;HEXA;MT2A;MXI1	78	32	Leave-one-seed (n=45)	2026082701.0	2026082702;2026082703;2026082704;2026082705	0.703699032413558	0.68141592920354			
TYMS	normal	Normal_3				2026090848	0.230255206595977	0.842178442653624	0.925074925074925	0.986746586746587			CA12;BGN;ANXA2;S100A4;ACKR3;ENO1;CAV1;MT1E;TGFBI;PPP1R3C;SDC2;AKAP12;NDRG1;PAM;SRPX;EGFR;LXN;TES;BHLHE40;DUSP1;SELENBP1;GAPDH;SDC4;HDLBP;IGFBP3;LOX;PGM1;COL5A1;F3;KDELR3;ADORA2B;GLRX;FAM162A;RORA;CP;ALDOA;NEDD4L;GAA;IER3;FOS;PIM1;GPC4;SLC2A3;SERPINE1;HEXA;JUN;UGP2;ADM;PLAC8;PGK1;LDHA;PRDX5;P4HA1;GRHPR;NAGK;DCN;EFNA1;BCL2;MT2A;IRS2;P4HA2;HAS1;RBPJ;GPC1;ETS1;TIPARP;PFKP;SLC25A1;FOXO3;KLF6;KLF7;TPI1;CDKN1A;ZNF292;VLDLR;PGF;NR3C1;ISG20;TPBG;BTG1;GALK1;GYS1;CSRP2;SIAH2;CCNG2;GBE1;CDKN1C;IDS;TGM2;MIF;MAFF;BNIP3L;NOCT;CDKN1B;PLIN2;NFIL3;PLAUR;AMPD3;TGFB3	99	30	Leave-one-seed (n=45)	2026082702.0	2026082701;2026082703;2026082704;2026082705	0.703699032413558	0.788135593220339			
TYMS	normal	Normal_3				2026090849	0.230255206595977	0.841865748627417	0.927072927072927	0.987755102040816			CA12;BGN;ANXA2;S100A4;ACKR3;ENO1;CAV1;MT1E;TGFBI;PPP1R3C;SDC2;AKAP12;NDRG1;PAM;SRPX;EGFR;LXN;TES;BHLHE40;DUSP1;SELENBP1;GAPDH;SDC4;HDLBP;IGFBP3;LOX;PGM1;COL5A1;F3;KDELR3;ADORA2B;GLRX;FAM162A;RORA;CP;ALDOA;NEDD4L;GAA;IER3;FOS;PIM1;GPC4;SLC2A3;SERPINE1;HEXA;JUN;UGP2;ADM;PLAC8;PGK1;LDHA;PRDX5;P4HA1;GRHPR;NAGK;DCN;EFNA1;BCL2;MT2A;IRS2;P4HA2;HAS1;RBPJ;GPC1;ETS1;TIPARP;PFKP;SLC25A1;FOXO3;KLF6;KLF7;TPI1;CDKN1A;ZNF292;VLDLR;PGF;NR3C1;ISG20;TPBG;BTG1;GALK1;GYS1;CSRP2;SIAH2;CCNG2;GBE1;CDKN1C;IDS;TGM2;MIF;MAFF;BNIP3L;NOCT;CDKN1B;PLIN2;NFIL3;PLAUR;AMPD3;TGFB3	99	30	Leave-one-seed (n=45)	2026082703.0	2026082701;2026082702;2026082704;2026082705	0.703699032413558	0.788135593220339			
TYMS	normal	Normal_3				2026090850	0.230255206595977	0.841254677666228	0.925074925074925	0.986746586746587			CA12;BGN;ANXA2;S100A4;ACKR3;ENO1;CAV1;MT1E;TGFBI;PPP1R3C;SDC2;AKAP12;NDRG1;PAM;SRPX;EGFR;LXN;TES;BHLHE40;DUSP1;SELENBP1;GAPDH;SDC4;HDLBP;IGFBP3;LOX;PGM1;COL5A1;F3;KDELR3;ADORA2B;GLRX;FAM162A;RORA;CP;ALDOA;NEDD4L;GAA;IER3;FOS;PIM1;GPC4;SLC2A3;SERPINE1;HEXA;JUN;UGP2;ADM;PLAC8;PGK1;LDHA;PRDX5;P4HA1;GRHPR;NAGK;DCN;EFNA1;BCL2;MT2A;IRS2;P4HA2;HAS1;RBPJ;GPC1;ETS1;TIPARP;PFKP;SLC25A1;FOXO3;KLF6;KLF7;TPI1;CDKN1A;ZNF292;VLDLR;PGF;NR3C1;ISG20;TPBG;BTG1;GALK1;GYS1;CSRP2;SIAH2;CCNG2;GBE1;CDKN1C;IDS;TGM2;MIF;MAFF;BNIP3L;NOCT;CDKN1B;PLIN2;NFIL3;PLAUR;AMPD3;TGFB3	99	30	Leave-one-seed (n=45)	2026082704.0	2026082701;2026082702;2026082703;2026082705	0.703699032413558	0.788135593220339			
TYMS	normal	Normal_3				2026090851	0.230255206595977	0.841290720264013	0.929070929070929	0.986693961105425			CA12;BGN;ANXA2;S100A4;ACKR3;ENO1;CAV1;MT1E;TGFBI;PPP1R3C;SDC2;AKAP12;NDRG1;PAM;SRPX;EGFR;LXN;TES;BHLHE40;DUSP1;SELENBP1;GAPDH;SDC4;HDLBP;IGFBP3;LOX;PGM1;COL5A1;F3;KDELR3;ADORA2B;GLRX;FAM162A;RORA;CP;ALDOA;NEDD4L;GAA;IER3;FOS;PIM1;GPC4;SLC2A3;SERPINE1;HEXA;JUN;UGP2;ADM;PLAC8;PGK1;LDHA;PRDX5;P4HA1;GRHPR;NAGK;DCN;EFNA1;BCL2;MT2A;IRS2;P4HA2;HAS1;RBPJ;GPC1;ETS1;TIPARP;PFKP;SLC25A1;FOXO3;KLF6;KLF7;TPI1;CDKN1A;ZNF292;VLDLR;PGF;NR3C1;ISG20;TPBG;BTG1;GALK1;GYS1;CSRP2;SIAH2;CCNG2;GBE1;CDKN1C;IDS;TGM2;MIF;MAFF;BNIP3L;NOCT;CDKN1B;PLIN2;NFIL3;PLAUR;AMPD3;TGFB3	99	30	Leave-one-seed (n=45)	2026082705.0	2026082701;2026082702;2026082703;2026082704	0.703699032413558	0.788135593220339			
EFNB2	organic_ED_nonDM					2026090852	0.239233309372347	0.869123920805646	0.886113886113886	0.914698205020786			ATF3;VEGFA;PGF;GPC4;GPC3;CDKN1A;F3;SRPX;CHST2;ADM;FOS;AKAP12;JUN;BGN;STC1;HS3ST1;ZFP36;DDIT4;SDC3;TGFBI;PAM;CDKN1C;PNRC1;IGFBP3;BTG1;MAFF;WSB1;CAV1;BCL2;SERPINE1;SLC2A3;CCNG2;PGM1;IER3;MT1E;DUSP1;CITED2;BHLHE40;NDRG1;VLDLR;ANXA2;LOX;NFIL3;PRDX5;ILVBL;CSRP2;EFNA1;DCN;NR3C1;ANGPTL4;MYH9;UGP2;HK2;COL5A1;CA12;IRS2;STC2;HSPA5;SLC25A1;SDC4;IDS;LDHA;ACKR3;PLIN2;BNIP3L;SDC2;HEXA;ERO1A;P4HA2;TPI1;MXI1;MT2A;EGFR;GBE1;SAP30;HDLBP;CDKN1B;NEDD4L;FOXO3;FAM162A;PPP1R15A;TES;GCNT2;ENO1;LXN;MIF;SLC2A1;GRHPR;PGK1;NAGK;TIPARP;PPARGC1A;PRKCA;TMEM45A;CHST3;GLRX;RORA;S100A4;TPBG;PPP1R3C;ZNF292;KLF7;SELENBP1;RBPJ;XPNPEP1	105	25	Leave-one-donor (n=9)				0.785714285714286	non-DM_1	non-DM_2;non-DM_3	0.824799363678354
EFNB2	organic_ED_nonDM					2026090853	0.231564908199111	0.845113884287049	0.919080919080919	0.948728690664174			GPC3;ADM;PGF;GPC4;BGN;MAFF;IGFBP3;DCN;SRPX;STC1;ATF3;CHST2;BTG1;WSB1;PPP1R15A;PNRC1;NDRG1;SDC3;SERPINE1;TIPARP;VEGFA;PAM;CDKN1A;AKAP12;F3;ZFP36;ACKR3;PGM1;HS3ST1;IRS2;KLF6;NFIL3;FOS;PLIN2;DUSP1;HSPA5;DDIT4;CDKN1C;SELENBP1;GLRX;KDELR3;MT1E;CSRP2;SDC2;BHLHE40;PIM1;CCNG2;MYH9;ERRFI1;IER3;ILVBL;HK2;MT2A;HEXA;CAV1;HAS1;ANXA2;CHST3;ETS1;NOCT;GBE1;TES;FOSL2;JUN;PGK1;IL6;RORA;P4HA2;FOXO3;EFNA1;PRDX5;PFKP;SDC4;EGFR;PLAUR;SLC2A3;BCL2;LOX;ANGPTL4;ALDOA;S100A4;HDLBP;ZNF292;BNIP3L;AK4;IDS;SLC25A1;CITED2;TPBG;NR3C1;P4HA1;GAPDH	92	31	Leave-one-donor (n=9)				0.780952380952381	non-DM_2	non-DM_1;non-DM_3	0.824799363678354
EFNB2	organic_ED_nonDM					2026090854	0.231564908199111	0.852417489087231	0.928071928071928	0.949050949050949			GPC3;ADM;PGF;GPC4;BGN;MAFF;IGFBP3;DCN;SRPX;STC1;ATF3;CHST2;BTG1;WSB1;PPP1R15A;PNRC1;NDRG1;SDC3;SERPINE1;TIPARP;VEGFA;PAM;CDKN1A;AKAP12;F3;ZFP36;ACKR3;PGM1;HS3ST1;IRS2;KLF6;NFIL3;FOS;PLIN2;DUSP1;HSPA5;DDIT4;CDKN1C;SELENBP1;GLRX;KDELR3;MT1E;CSRP2;SDC2;BHLHE40;PIM1;CCNG2;MYH9;ERRFI1;IER3;ILVBL;HK2;MT2A;HEXA;CAV1;HAS1;ANXA2;CHST3;ETS1;NOCT;GBE1;TES;FOSL2;JUN;PGK1;IL6;RORA;P4HA2;FOXO3;EFNA1;PRDX5;PFKP;SDC4;EGFR;PLAUR;SLC2A3;BCL2;LOX;ANGPTL4;ALDOA;S100A4;HDLBP;ZNF292;BNIP3L;AK4;IDS;SLC25A1;CITED2;TPBG;NR3C1;P4HA1;GAPDH	92	31	Leave-one-donor (n=9)				0.780952380952381	non-DM_3	non-DM_1;non-DM_2	0.824799363678354
LRRC17	organic_ED_nonDM					2026090855	0.242770796964104	0.888650722732591	0.841158841158841	0.891023560719154			ATF3;VEGFA;PGF;F3;CDKN1A;GPC4;GPC3;CHST2;SRPX;FOS;AKAP12;ADM;JUN;ZFP36;DDIT4;STC1;BGN;TGFBI;PAM;SDC3;PNRC1;HS3ST1;BTG1;IGFBP3;CDKN1C;MAFF;WSB1;CAV1;SLC2A3;CSRP2;SERPINE1;CCNG2;PGM1;MT1E;BCL2;DUSP1;DCN;IER3;CITED2;NDRG1;LOX;BHLHE40;ACKR3;NFIL3;ILVBL;ANXA2;PRDX5;EFNA1;NR3C1;HK2;VLDLR;ANGPTL4;CA12;COL5A1;SDC4;STC2;BNIP3L;IDS;HSPA5;LDHA;SLC25A1;UGP2;IRS2;MT2A;PLIN2;SDC2;TPI1;HEXA;HDLBP;ERO1A;RORA;GBE1;FOXO3;SAP30;PPARGC1A;MYH9;EGFR;NEDD4L;P4HA2;CDKN1B;PGK1;MIF;TES;PPP1R15A;MXI1;FAM162A;ENO1;TIPARP;LXN;NAGK;TPBG;GLRX;TMEM45A;RBPJ;GRHPR;PRKCA;ZNF292;CHST3;KLF7;XPNPEP1;GCNT2;SELENBP1	102	29	Leave-one-donor (n=9)				0.837837837837838	non-DM_1	non-DM_2;non-DM_3	0.844506224961274
LRRC17	organic_ED_nonDM					2026090856	0.221423385576613	0.811786559957834	0.96003996003996	0.96003996003996			GPC3;ADM;PGF;BGN;GPC4;IGFBP3;STC1;SRPX;MAFF;SERPINE1;DCN;CHST2;WSB1;NDRG1;SDC3;PAM;ATF3;PPP1R15A;PGM1;F3;HS3ST1;AKAP12;CDKN1C;BTG1;TIPARP;PNRC1;VEGFA;IRS2;CDKN1A;ZFP36;KLF6;DDIT4;PLIN2;ACKR3;HSPA5;FOS;DUSP1;SDC2;GLRX;NFIL3;KDELR3;CCNG2;BHLHE40;CAV1;CSRP2;SLC2A3;ANXA2;IER3;HAS1;ILVBL;HK2;ERRFI1;RORA;MT1E;HEXA;TES;CHST3;GBE1;PIM1;PFKP;CP;NOCT;LOX;ANGPTL4;ETS1;JUN;PRDX5;MT2A;PGAM2;P4HA2;MYH9;PGK1;BCL2;CITED2;AK4;IL6;EFNA1;ENO1;UGP2;NR3C1;S100A4;P4HA1;FOSL2;ALDOA;FOXO3;CA12;SLC25A1;GAPDH;ADORA2B;IDS;NAGK;GRHPR;VLDLR;ZNF292;TPBG;EGFR;BNIP3L;TGM2;KLF7;SAP30;GPI;PLAUR;HDLBP;GAA	104	30	Leave-one-donor (n=9)				0.791304347826087	non-DM_2	non-DM_1;non-DM_3	0.844506224961274
LRRC17	organic_ED_nonDM					2026090857	0.221423385576613	0.80911893199266	0.96003996003996	0.96003996003996			GPC3;ADM;PGF;BGN;GPC4;IGFBP3;STC1;SRPX;MAFF;SERPINE1;DCN;CHST2;WSB1;NDRG1;SDC3;PAM;ATF3;PPP1R15A;PGM1;F3;HS3ST1;AKAP12;CDKN1C;BTG1;TIPARP;PNRC1;VEGFA;IRS2;CDKN1A;ZFP36;KLF6;DDIT4;PLIN2;ACKR3;HSPA5;FOS;DUSP1;SDC2;GLRX;NFIL3;KDELR3;CCNG2;BHLHE40;CAV1;CSRP2;SLC2A3;ANXA2;IER3;HAS1;ILVBL;HK2;ERRFI1;RORA;MT1E;HEXA;TES;CHST3;GBE1;PIM1;PFKP;CP;NOCT;LOX;ANGPTL4;ETS1;JUN;PRDX5;MT2A;PGAM2;P4HA2;MYH9;PGK1;BCL2;CITED2;AK4;IL6;EFNA1;ENO1;UGP2;NR3C1;S100A4;P4HA1;FOSL2;ALDOA;FOXO3;CA12;SLC25A1;GAPDH;ADORA2B;IDS;NAGK;GRHPR;VLDLR;ZNF292;TPBG;EGFR;BNIP3L;TGM2;KLF7;SAP30;GPI;PLAUR;HDLBP;GAA	104	31	Leave-one-donor (n=9)				0.791304347826087	non-DM_3	non-DM_1;non-DM_2	0.844506224961274
TYMS	normal					2026090858	0.202155089724542	0.741355298754136	0.996003996003996	0.996003996003996			GPC3;BGN;DCN;SRPX;PGF;CA12;VEGFA;GPC4;JUN;CSRP2;BTG1;FOS;PNRC1;ZFP36;ATF3;MT1E;SDC2;AKAP12;NFIL3;F3;CDKN1C;CDKN1A;WSB1;RORA;DDIT4;ADM;CHST2;CP;IGFBP3;PAM;TIPARP;ACKR3;SERPINE1;DUSP1;PPP1R15A;TGM2;ANXA2;LDHA;MAFF;PLIN2;S100A4;IER3;EFNA1;MT2A;MYH9;CAV1;TPD52;STC1;ALDOA;TPI1;EGFR;FBP1;HDLBP;PIM1;GLRX;HSPA5;MIF;KDELR3;LOX;PDGFB;PPP1R3C;SDC4;COL5A1;FOXO3;KLF6;GAPDH;ENO1;NDRG1;LXN;GPC1;SLC2A3;TKTL1;ERRFI1;TGFBI;TES;CDKN1B;ZNF292;BHLHE40;SIAH2;PRDX5;SLC2A1;HEXA;MXI1;BNIP3L;P4HA2;PRKCA;HS3ST1;IRS2;NR3C1;PGK1;RBPJ;ENO2;SDC3;BCL2;SELENBP1;IL6;SLC25A1;CCNG2;UGP2;AMPD3;FAM162A;IDS;P4HA1;PFKL;PLAUR;EXT1;TNFAIP3;CITED2;DTNA;AK4;GALK1;GBE1;FOSL2;CHST3;HK1;KLHL24;ILVBL;NAGK;GAA;JMJD6;PGAM2	121	31	Leave-one-donor (n=9)				0.682170542635659	Normal_1	Normal_2;Normal_3	0.761887961518069
TYMS	normal					2026090859	0.201559612672083	0.740357920820314	0.994005994005994	0.994005994005994			FOS;BGN;JUN;ZFP36;ADM;SERPINE1;CAV1;CDKN1C;SRPX;KDELR3;CA12;LXN;PGF;TES;COL5A1;TGFBI;SDC2;WSB1;MYH9;GAPDH;STC1;ENO1;GPC1;S100A4;AKAP12;BHLHE40;PAM;LOX;STC2;VLDLR;VEGFA;GPC3;SDC4;ANXA2;GPC4;CSRP2;DCN;TPD52;KLF6;PNRC1;CP;PGM1;HSPA5;HEXA;CXCR4;SLC2A3;CHST2;ATF3;HDLBP;PPP1R3C;SELENBP1;P4HA1;PFKP;PPP1R15A;ACKR3;PIM1;SLC2A1;NAGK;BTG1;MT1E;MAFF;EGFR;PDK3;TGFB3;F3;CDKN1B;EFNA1;UGP2;IGFBP3;IRS2;NEDD4L;NFIL3;NR3C1;BNIP3L;GAA;TNFAIP3;LDHA;NDRG1;TPI1;NOCT;P4HA2;RORA;ALDOA;DTNA;TIPARP;ISG20;PGK1;KLF7;ADORA2B;GPI;PLIN2	91	32	Leave-one-donor (n=9)				0.798076923076923	Normal_2	Normal_1;Normal_3	0.761887961518069
TYMS	normal					2026090860	0.201559612672083	0.73764074997645	0.997002997002997	0.997002997002997			FOS;BGN;JUN;ZFP36;ADM;SERPINE1;CAV1;CDKN1C;SRPX;KDELR3;CA12;LXN;PGF;TES;COL5A1;TGFBI;SDC2;WSB1;MYH9;GAPDH;STC1;ENO1;GPC1;S100A4;AKAP12;BHLHE40;PAM;LOX;STC2;VLDLR;VEGFA;GPC3;SDC4;ANXA2;GPC4;CSRP2;DCN;TPD52;KLF6;PNRC1;CP;PGM1;HSPA5;HEXA;CXCR4;SLC2A3;CHST2;ATF3;HDLBP;PPP1R3C;SELENBP1;P4HA1;PFKP;PPP1R15A;ACKR3;PIM1;SLC2A1;NAGK;BTG1;MT1E;MAFF;EGFR;PDK3;TGFB3;F3;CDKN1B;EFNA1;UGP2;IGFBP3;IRS2;NEDD4L;NFIL3;NR3C1;BNIP3L;GAA;TNFAIP3;LDHA;NDRG1;TPI1;NOCT;P4HA2;RORA;ALDOA;DTNA;TIPARP;ISG20;PGK1;KLF7;ADORA2B;GPI;PLIN2	91	32	Leave-one-donor (n=9)				0.798076923076923	Normal_3	Normal_1;Normal_2	0.761887961518069
