gene_symbol	old_logFC	old_PValue	old_FDR	new_logFC	new_PValue	new_FDR	file	cell_type	contrast	cell_type_label	old_FDR_lt_0_05	new_FDR_lt_0_05	complete_pair
EFNB2	-0.153955093208537	0.691177856754206	0.999960893885124	-0.146093010566149	0.706339874235602	0.999758693966924	differential_ACKR1_endothelial_DMED_vs_normal.tsv	ACKR1_endothelial	Diabetic ED vs reference	ACKR1 EC	False	False	True
LRRC17	-0.586385649400312	0.683082625642634	0.999960893885124	-0.697018482880479	0.641237492734057	0.999758693966924	differential_ACKR1_endothelial_DMED_vs_normal.tsv	ACKR1_endothelial	Diabetic ED vs reference	ACKR1 EC	False	False	True
EFNB2	-0.180578825313831	0.542742065256974	0.950312150592472	-0.168871627748659	0.569772309716794	0.954324817165901	differential_ACKR1_endothelial_nonDM_ED_vs_normal.tsv	ACKR1_endothelial	Non-diabetic ED vs reference	ACKR1 EC	False	False	True
EFNB2	2.01602039701454	0.012922970632751	0.379964214749544	2.0523480012051	0.0121417058898182	0.422415742181358	differential_fibroblast_DMED_vs_normal.tsv	fibroblast	Diabetic ED vs reference	Fibroblast	False	False	True
LRRC17	0.723248466346082	0.194214565128125	0.856067405294846	0.695258536602515	0.211452730475929	0.901308344097357	differential_fibroblast_DMED_vs_normal.tsv	fibroblast	Diabetic ED vs reference	Fibroblast	False	False	True
TYMS	-2.11462642362734	0.0004022757615659	0.122299877712403	-2.11917910456144	0.0004470968426239	0.152669315983525	differential_fibroblast_DMED_vs_normal.tsv	fibroblast	Diabetic ED vs reference	Fibroblast	False	False	True
EFNB2	1.80129329020303	6.82023702837592e-05	0.0418815807360207	1.81594592717166	5.43857524152302e-05	0.0393705997310064	differential_fibroblast_nonDM_ED_vs_normal.tsv	fibroblast	Non-diabetic ED vs reference	Fibroblast	True	True	True
LRRC17	2.13444545292636	0.0001252840172101	0.0496330254982467	2.15123356693459	0.0001208333352072	0.0449741882936955	differential_fibroblast_nonDM_ED_vs_normal.tsv	fibroblast	Non-diabetic ED vs reference	Fibroblast	True	True	True
TYMS	-2.32192685135268	6.52520217210713e-05	0.0418815807360207	-2.37146446967605	5.63865109095853e-05	0.0393705997310064	differential_fibroblast_nonDM_ED_vs_normal.tsv	fibroblast	Non-diabetic ED vs reference	Fibroblast	True	True	True
EFNB2	-0.469177994017096	0.185511308869346	0.688064485765404	0.248106798021542	0.717309031671547	0.935578669995194	differential_macrophage_myeloid_DMED_vs_normal.tsv	macrophage_myeloid	Diabetic ED vs reference	Macrophage	False	False	True
TYMS	-1.20470279854687	0.0479226745322489	0.486847750626963	-1.00395013888439	0.0837307430130006	0.570918100572177	differential_macrophage_myeloid_DMED_vs_normal.tsv	macrophage_myeloid	Diabetic ED vs reference	Macrophage	False	False	True
EFNB2	-0.455906808864024	0.230572613487228	0.980642500304507				differential_macrophage_myeloid_nonDM_ED_vs_normal.tsv	macrophage_myeloid	Non-diabetic ED vs reference	Macrophage	False	False	False
TYMS	-0.731832234406743	0.320939138921854	0.980642500304507	-0.65222699148893	0.35429268662899	0.939952525453879	differential_macrophage_myeloid_nonDM_ED_vs_normal.tsv	macrophage_myeloid	Non-diabetic ED vs reference	Macrophage	False	False	True
EFNB2	1.09141945031706	0.0914291855654829	0.999961165529627	1.0882325708063	0.0920172577248321	0.999124144654732	differential_pericyte_DMED_vs_normal.tsv	pericyte	Diabetic ED vs reference	Pericyte	False	False	True
LRRC17	-0.339824921150327	0.381201434978629	0.999961165529627	-0.324049183299011	0.405398735333893	0.999124144654732	differential_pericyte_DMED_vs_normal.tsv	pericyte	Diabetic ED vs reference	Pericyte	False	False	True
EFNB2	1.11499958113809	0.0876869628750844	0.998973530870328	1.13328021766437	0.0844111091410239	0.999280385630775	differential_pericyte_nonDM_ED_vs_normal.tsv	pericyte	Non-diabetic ED vs reference	Pericyte	False	False	True
LRRC17	0.0814727693615232	0.864071735004189	0.998973530870328	0.0968095495474797	0.840427789564537	0.999280385630775	differential_pericyte_nonDM_ED_vs_normal.tsv	pericyte	Non-diabetic ED vs reference	Pericyte	False	False	True
EFNB2	-0.146455782925363	0.651048347330819	0.998658687426542	-0.15412943887654	0.635812312498094	0.998978187619896	differential_smooth_muscle_DMED_vs_normal.tsv	smooth_muscle	Diabetic ED vs reference	Smooth muscle	False	False	True
LRRC17	0.173661065580789	0.61554131408847	0.998658687426542	0.176433980301253	0.612033847112864	0.998978187619896	differential_smooth_muscle_DMED_vs_normal.tsv	smooth_muscle	Diabetic ED vs reference	Smooth muscle	False	False	True
TYMS	0.241395610546855	0.733870492774212	0.998658687426542	0.225182438807187	0.752432439647077	0.998978187619896	differential_smooth_muscle_DMED_vs_normal.tsv	smooth_muscle	Diabetic ED vs reference	Smooth muscle	False	False	True
EFNB2	0.418682156165128	0.356840052723137	0.975763879494588	0.417639217730033	0.359861962926465	0.974434962373701	differential_smooth_muscle_nonDM_ED_vs_normal.tsv	smooth_muscle	Non-diabetic ED vs reference	Smooth muscle	False	False	True
LRRC17	0.533668225615342	0.0470183428510842	0.953616640796222	0.530372074498468	0.0490914965410497	0.963051525534825	differential_smooth_muscle_nonDM_ED_vs_normal.tsv	smooth_muscle	Non-diabetic ED vs reference	Smooth muscle	False	False	True
EFNB2	-0.0359201515091363	0.933886369363723	0.992924463385263				differential_T_cell_DMED_vs_normal.tsv	T_cell	Diabetic ED vs reference	T cell	False	False	False
TYMS	0.198446706342777	0.852295396816582	0.989419046608571	0.114735418867188	0.914570864476826	0.997371004135641	differential_T_cell_DMED_vs_normal.tsv	T_cell	Diabetic ED vs reference	T cell	False	False	True
EFNB2	-0.441479483930446	0.398987005085441	0.910453950919569				differential_T_cell_nonDM_ED_vs_normal.tsv	T_cell	Non-diabetic ED vs reference	T cell	False	False	False
EFNB2	-0.538582415642559	0.0819177332880648	0.733324087593333	-0.52297958859069	0.1048916387413	0.738290255829494	differential_vascular_endothelial_DMED_vs_normal.tsv	vascular_endothelial	Diabetic ED vs reference	Vascular EC	False	False	True
LRRC17	0.505342452860584	0.30952199458411	0.92227309201525	0.1095138647417	0.798358637206983	0.988808423616686	differential_vascular_endothelial_DMED_vs_normal.tsv	vascular_endothelial	Diabetic ED vs reference	Vascular EC	False	False	True
TYMS	-0.815191656751249	0.188429217113108	0.859340736721826	-0.738198513581166	0.271265348102559	0.887743489550909	differential_vascular_endothelial_DMED_vs_normal.tsv	vascular_endothelial	Diabetic ED vs reference	Vascular EC	False	False	True
EFNB2	0.103845687035032	0.716072163679194	0.938268085087532	0.045610126549195	0.870389979296994	0.971176720281951	differential_vascular_endothelial_nonDM_ED_vs_normal.tsv	vascular_endothelial	Non-diabetic ED vs reference	Vascular EC	False	False	True
LRRC17	1.42162668283395	0.0015806870311689	0.314903171154662	1.34320236084962	0.0024791221894812	0.299213433052806	differential_vascular_endothelial_nonDM_ED_vs_normal.tsv	vascular_endothelial	Non-diabetic ED vs reference	Vascular EC	False	False	True
TYMS	-0.555553877268767	0.266550827377967	0.792243752821945	-0.437416223090295	0.395636490001638	0.822410351417161	differential_vascular_endothelial_nonDM_ED_vs_normal.tsv	vascular_endothelial	Non-diabetic ED vs reference	Vascular EC	False	False	True
