pathway	cell_type	endo243_NES	endo243_FDR	endo205_NES	endo205_FDR	pbmcIH_NES	pbmcIH_FDR	osaAM_NES	osaAM_FDR	osaPM_NES	osaPM_FDR	cpapAM_NES	cpapAM_FDR	cpapPM_NES	cpapPM_FDR	endothelial_NES_mean	endothelial_direction_concordant	OSA_CPAP_reversal_AM	OSA_CPAP_reversal_PM	endothelial_max_FDR	NES	padj	IH_ED_direction_concordant	cross_context_significant	pathway_label	cell_type_label	display_rule	frozen_display_flag
HALLMARK_HYPOXIA	ACKR1_endothelial	1.45358903432419	0.0174280493834221	1.33328254424053	0.0226752901405183	0.942332357436368	0.85949920508744	1.82426125773342	2.29161136045459e-05	1.01746603217467	0.56230727371667	-1.45569282813493	0.0395045146127345	-1.20592087855326	0.243018734535171	1.39343578928236	True	True	True	0.0226752901405183	1.73892213083927	0.0011230483375587	True	True	Hypoxia	ACKR1 EC	All pathways with >=1 pre-existing cross_context_significant row; Hypoxia first, then descending number of flagged compartments and alphabetical ties.	True
HALLMARK_HYPOXIA	vascular_endothelial	1.45358903432419	0.0174280493834221	1.33328254424053	0.0226752901405183	0.942332357436368	0.85949920508744	1.82426125773342	2.29161136045459e-05	1.01746603217467	0.56230727371667	-1.45569282813493	0.0395045146127345	-1.20592087855326	0.243018734535171	1.39343578928236	True	True	True	0.0226752901405183	2.16242656159442	7.17221399216057e-08	True	True	Hypoxia	Vascular EC	All pathways with >=1 pre-existing cross_context_significant row; Hypoxia first, then descending number of flagged compartments and alphabetical ties.	True
HALLMARK_HYPOXIA	pericyte	1.45358903432419	0.0174280493834221	1.33328254424053	0.0226752901405183	0.942332357436368	0.85949920508744	1.82426125773342	2.29161136045459e-05	1.01746603217467	0.56230727371667	-1.45569282813493	0.0395045146127345	-1.20592087855326	0.243018734535171	1.39343578928236	True	True	True	0.0226752901405183	1.73527732549104	0.0059327320675965	True	True	Hypoxia	Pericyte	All pathways with >=1 pre-existing cross_context_significant row; Hypoxia first, then descending number of flagged compartments and alphabetical ties.	True
HALLMARK_HYPOXIA	fibroblast	1.45358903432419	0.0174280493834221	1.33328254424053	0.0226752901405183	0.942332357436368	0.85949920508744	1.82426125773342	2.29161136045459e-05	1.01746603217467	0.56230727371667	-1.45569282813493	0.0395045146127345	-1.20592087855326	0.243018734535171	1.39343578928236	True	True	True	0.0226752901405183	1.75737815395189	0.0004418419365103	True	True	Hypoxia	Fibroblast	All pathways with >=1 pre-existing cross_context_significant row; Hypoxia first, then descending number of flagged compartments and alphabetical ties.	True
HALLMARK_HYPOXIA	smooth_muscle	1.45358903432419	0.0174280493834221	1.33328254424053	0.0226752901405183	0.942332357436368	0.85949920508744	1.82426125773342	2.29161136045459e-05	1.01746603217467	0.56230727371667	-1.45569282813493	0.0395045146127345	-1.20592087855326	0.243018734535171	1.39343578928236	True	True	True	0.0226752901405183	1.93996486080161	9.64143625877672e-05	True	True	Hypoxia	Smooth muscle	All pathways with >=1 pre-existing cross_context_significant row; Hypoxia first, then descending number of flagged compartments and alphabetical ties.	True
HALLMARK_HYPOXIA	macrophage_myeloid	1.45358903432419	0.0174280493834221	1.33328254424053	0.0226752901405183	0.942332357436368	0.85949920508744	1.82426125773342	2.29161136045459e-05	1.01746603217467	0.56230727371667	-1.45569282813493	0.0395045146127345	-1.20592087855326	0.243018734535171	1.39343578928236	True	True	True	0.0226752901405183	1.48990957035252	0.049852892166496	True	True	Hypoxia	Macrophage	All pathways with >=1 pre-existing cross_context_significant row; Hypoxia first, then descending number of flagged compartments and alphabetical ties.	True
HALLMARK_HYPOXIA	T_cell	1.45358903432419	0.0174280493834221	1.33328254424053	0.0226752901405183	0.942332357436368	0.85949920508744	1.82426125773342	2.29161136045459e-05	1.01746603217467	0.56230727371667	-1.45569282813493	0.0395045146127345	-1.20592087855326	0.243018734535171	1.39343578928236	True	True	True	0.0226752901405183	1.0283882071431	0.550709175348312	True	False	Hypoxia	T cell	All pathways with >=1 pre-existing cross_context_significant row; Hypoxia first, then descending number of flagged compartments and alphabetical ties.	False
HALLMARK_TNFA_SIGNALING_VIA_NFKB	ACKR1_endothelial	1.75471492159057	0.0002496312106701	2.13003270263695	2.9971670501793102e-09	0.77229454745369	0.944459172852598	1.58615631773951	0.0018047190678078	-1.11533414386701	0.406994271932469	1.0753695203846	0.445134575569358	-0.812619721545434	0.908173562058527	1.94237381211376	True	False	False	0.0002496312106701	2.77139642465565	7.013132583888979e-18	True	True	TNFα signaling via NF-κB	ACKR1 EC	All pathways with >=1 pre-existing cross_context_significant row; Hypoxia first, then descending number of flagged compartments and alphabetical ties.	True
HALLMARK_TNFA_SIGNALING_VIA_NFKB	vascular_endothelial	1.75471492159057	0.0002496312106701	2.13003270263695	2.9971670501793102e-09	0.77229454745369	0.944459172852598	1.58615631773951	0.0018047190678078	-1.11533414386701	0.406994271932469	1.0753695203846	0.445134575569358	-0.812619721545434	0.908173562058527	1.94237381211376	True	False	False	0.0002496312106701	3.14471005951074	4.69298307445795e-32	True	True	TNFα signaling via NF-κB	Vascular EC	All pathways with >=1 pre-existing cross_context_significant row; Hypoxia first, then descending number of flagged compartments and alphabetical ties.	True
HALLMARK_TNFA_SIGNALING_VIA_NFKB	pericyte	1.75471492159057	0.0002496312106701	2.13003270263695	2.9971670501793102e-09	0.77229454745369	0.944459172852598	1.58615631773951	0.0018047190678078	-1.11533414386701	0.406994271932469	1.0753695203846	0.445134575569358	-0.812619721545434	0.908173562058527	1.94237381211376	True	False	False	0.0002496312106701	2.92159204940835	2.60000357852932e-18	True	True	TNFα signaling via NF-κB	Pericyte	All pathways with >=1 pre-existing cross_context_significant row; Hypoxia first, then descending number of flagged compartments and alphabetical ties.	True
HALLMARK_TNFA_SIGNALING_VIA_NFKB	fibroblast	1.75471492159057	0.0002496312106701	2.13003270263695	2.9971670501793102e-09	0.77229454745369	0.944459172852598	1.58615631773951	0.0018047190678078	-1.11533414386701	0.406994271932469	1.0753695203846	0.445134575569358	-0.812619721545434	0.908173562058527	1.94237381211376	True	False	False	0.0002496312106701	2.30561085640992	3.4504595990762e-10	True	True	TNFα signaling via NF-κB	Fibroblast	All pathways with >=1 pre-existing cross_context_significant row; Hypoxia first, then descending number of flagged compartments and alphabetical ties.	True
HALLMARK_TNFA_SIGNALING_VIA_NFKB	smooth_muscle	1.75471492159057	0.0002496312106701	2.13003270263695	2.9971670501793102e-09	0.77229454745369	0.944459172852598	1.58615631773951	0.0018047190678078	-1.11533414386701	0.406994271932469	1.0753695203846	0.445134575569358	-0.812619721545434	0.908173562058527	1.94237381211376	True	False	False	0.0002496312106701	1.94714892343565	0.0001073753550964	True	True	TNFα signaling via NF-κB	Smooth muscle	All pathways with >=1 pre-existing cross_context_significant row; Hypoxia first, then descending number of flagged compartments and alphabetical ties.	True
HALLMARK_TNFA_SIGNALING_VIA_NFKB	macrophage_myeloid	1.75471492159057	0.0002496312106701	2.13003270263695	2.9971670501793102e-09	0.77229454745369	0.944459172852598	1.58615631773951	0.0018047190678078	-1.11533414386701	0.406994271932469	1.0753695203846	0.445134575569358	-0.812619721545434	0.908173562058527	1.94237381211376	True	False	False	0.0002496312106701	1.90304597058052	0.000195512607669	True	True	TNFα signaling via NF-κB	Macrophage	All pathways with >=1 pre-existing cross_context_significant row; Hypoxia first, then descending number of flagged compartments and alphabetical ties.	True
HALLMARK_TNFA_SIGNALING_VIA_NFKB	T_cell	1.75471492159057	0.0002496312106701	2.13003270263695	2.9971670501793102e-09	0.77229454745369	0.944459172852598	1.58615631773951	0.0018047190678078	-1.11533414386701	0.406994271932469	1.0753695203846	0.445134575569358	-0.812619721545434	0.908173562058527	1.94237381211376	True	False	False	0.0002496312106701	1.15277942319219	0.314401622718053	True	False	TNFα signaling via NF-κB	T cell	All pathways with >=1 pre-existing cross_context_significant row; Hypoxia first, then descending number of flagged compartments and alphabetical ties.	False
HALLMARK_DNA_REPAIR	ACKR1_endothelial	-2.04578386121601	5.81634339421715e-06	-1.91308861183723	7.1613275385875e-06	0.948161629338091	0.85949920508744	1.63683679809731	0.0020786193422567	1.21752509775918	0.129850691260553	-1.13210493843725	0.394784065079555	-1.21112377819501	0.243018734535171	-1.97943623652662	True	True	True	7.1613275385875e-06	-1.16639884822828	0.238339552238806	True	False	DNA repair	ACKR1 EC	All pathways with >=1 pre-existing cross_context_significant row; Hypoxia first, then descending number of flagged compartments and alphabetical ties.	False
HALLMARK_DNA_REPAIR	vascular_endothelial	-2.04578386121601	5.81634339421715e-06	-1.91308861183723	7.1613275385875e-06	0.948161629338091	0.85949920508744	1.63683679809731	0.0020786193422567	1.21752509775918	0.129850691260553	-1.13210493843725	0.394784065079555	-1.21112377819501	0.243018734535171	-1.97943623652662	True	True	True	7.1613275385875e-06	-1.4396462735447	0.023537330534928	True	True	DNA repair	Vascular EC	All pathways with >=1 pre-existing cross_context_significant row; Hypoxia first, then descending number of flagged compartments and alphabetical ties.	True
HALLMARK_DNA_REPAIR	pericyte	-2.04578386121601	5.81634339421715e-06	-1.91308861183723	7.1613275385875e-06	0.948161629338091	0.85949920508744	1.63683679809731	0.0020786193422567	1.21752509775918	0.129850691260553	-1.13210493843725	0.394784065079555	-1.21112377819501	0.243018734535171	-1.97943623652662	True	True	True	7.1613275385875e-06	-1.59705640070911	0.0187646426587856	True	True	DNA repair	Pericyte	All pathways with >=1 pre-existing cross_context_significant row; Hypoxia first, then descending number of flagged compartments and alphabetical ties.	True
HALLMARK_DNA_REPAIR	fibroblast	-2.04578386121601	5.81634339421715e-06	-1.91308861183723	7.1613275385875e-06	0.948161629338091	0.85949920508744	1.63683679809731	0.0020786193422567	1.21752509775918	0.129850691260553	-1.13210493843725	0.394784065079555	-1.21112377819501	0.243018734535171	-1.97943623652662	True	True	True	7.1613275385875e-06	-1.65477163172734	0.0033204490978276	True	True	DNA repair	Fibroblast	All pathways with >=1 pre-existing cross_context_significant row; Hypoxia first, then descending number of flagged compartments and alphabetical ties.	True
HALLMARK_DNA_REPAIR	smooth_muscle	-2.04578386121601	5.81634339421715e-06	-1.91308861183723	7.1613275385875e-06	0.948161629338091	0.85949920508744	1.63683679809731	0.0020786193422567	1.21752509775918	0.129850691260553	-1.13210493843725	0.394784065079555	-1.21112377819501	0.243018734535171	-1.97943623652662	True	True	True	7.1613275385875e-06	-1.28702977544277	0.104072963518241	True	False	DNA repair	Smooth muscle	All pathways with >=1 pre-existing cross_context_significant row; Hypoxia first, then descending number of flagged compartments and alphabetical ties.	False
HALLMARK_DNA_REPAIR	macrophage_myeloid	-2.04578386121601	5.81634339421715e-06	-1.91308861183723	7.1613275385875e-06	0.948161629338091	0.85949920508744	1.63683679809731	0.0020786193422567	1.21752509775918	0.129850691260553	-1.13210493843725	0.394784065079555	-1.21112377819501	0.243018734535171	-1.97943623652662	True	True	True	7.1613275385875e-06	-0.936934320751944	0.769367501110947	True	False	DNA repair	Macrophage	All pathways with >=1 pre-existing cross_context_significant row; Hypoxia first, then descending number of flagged compartments and alphabetical ties.	False
HALLMARK_DNA_REPAIR	T_cell	-2.04578386121601	5.81634339421715e-06	-1.91308861183723	7.1613275385875e-06	0.948161629338091	0.85949920508744	1.63683679809731	0.0020786193422567	1.21752509775918	0.129850691260553	-1.13210493843725	0.394784065079555	-1.21112377819501	0.243018734535171	-1.97943623652662	True	True	True	7.1613275385875e-06	-1.69705395698301	0.0055989754644788	True	True	DNA repair	T cell	All pathways with >=1 pre-existing cross_context_significant row; Hypoxia first, then descending number of flagged compartments and alphabetical ties.	True
HALLMARK_INFLAMMATORY_RESPONSE	ACKR1_endothelial	1.46401575932765	0.0199799851048805	1.81768786348796	6.04796867976838e-05	1.25386229431622	0.543595263724435	1.72006197681971	0.0001910191001637	1.43594234197315	0.0243219783515258	-1.0129931670825	0.565867794486216	-1.05979048834022	0.546472365381198	1.64085181140781	True	True	True	0.0199799851048805	1.74921252669102	0.0034217404170302	True	True	Inflammatory response	ACKR1 EC	All pathways with >=1 pre-existing cross_context_significant row; Hypoxia first, then descending number of flagged compartments and alphabetical ties.	True
HALLMARK_INFLAMMATORY_RESPONSE	vascular_endothelial	1.46401575932765	0.0199799851048805	1.81768786348796	6.04796867976838e-05	1.25386229431622	0.543595263724435	1.72006197681971	0.0001910191001637	1.43594234197315	0.0243219783515258	-1.0129931670825	0.565867794486216	-1.05979048834022	0.546472365381198	1.64085181140781	True	True	True	0.0199799851048805	1.89350185863391	7.73672585966882e-05	True	True	Inflammatory response	Vascular EC	All pathways with >=1 pre-existing cross_context_significant row; Hypoxia first, then descending number of flagged compartments and alphabetical ties.	True
HALLMARK_INFLAMMATORY_RESPONSE	pericyte	1.46401575932765	0.0199799851048805	1.81768786348796	6.04796867976838e-05	1.25386229431622	0.543595263724435	1.72006197681971	0.0001910191001637	1.43594234197315	0.0243219783515258	-1.0129931670825	0.565867794486216	-1.05979048834022	0.546472365381198	1.64085181140781	True	True	True	0.0199799851048805	2.06257093567442	0.0001804481617241	True	True	Inflammatory response	Pericyte	All pathways with >=1 pre-existing cross_context_significant row; Hypoxia first, then descending number of flagged compartments and alphabetical ties.	True
HALLMARK_INFLAMMATORY_RESPONSE	fibroblast	1.46401575932765	0.0199799851048805	1.81768786348796	6.04796867976838e-05	1.25386229431622	0.543595263724435	1.72006197681971	0.0001910191001637	1.43594234197315	0.0243219783515258	-1.0129931670825	0.565867794486216	-1.05979048834022	0.546472365381198	1.64085181140781	True	True	True	0.0199799851048805	1.28444697156833	0.144508670520231	True	False	Inflammatory response	Fibroblast	All pathways with >=1 pre-existing cross_context_significant row; Hypoxia first, then descending number of flagged compartments and alphabetical ties.	False
HALLMARK_INFLAMMATORY_RESPONSE	smooth_muscle	1.46401575932765	0.0199799851048805	1.81768786348796	6.04796867976838e-05	1.25386229431622	0.543595263724435	1.72006197681971	0.0001910191001637	1.43594234197315	0.0243219783515258	-1.0129931670825	0.565867794486216	-1.05979048834022	0.546472365381198	1.64085181140781	True	True	True	0.0199799851048805	1.07319927089707	0.37443734952371	True	False	Inflammatory response	Smooth muscle	All pathways with >=1 pre-existing cross_context_significant row; Hypoxia first, then descending number of flagged compartments and alphabetical ties.	False
HALLMARK_INFLAMMATORY_RESPONSE	macrophage_myeloid	1.46401575932765	0.0199799851048805	1.81768786348796	6.04796867976838e-05	1.25386229431622	0.543595263724435	1.72006197681971	0.0001910191001637	1.43594234197315	0.0243219783515258	-1.0129931670825	0.565867794486216	-1.05979048834022	0.546472365381198	1.64085181140781	True	True	True	0.0199799851048805	1.5644964222916	0.0252271789955788	True	True	Inflammatory response	Macrophage	All pathways with >=1 pre-existing cross_context_significant row; Hypoxia first, then descending number of flagged compartments and alphabetical ties.	True
HALLMARK_INFLAMMATORY_RESPONSE	T_cell	1.46401575932765	0.0199799851048805	1.81768786348796	6.04796867976838e-05	1.25386229431622	0.543595263724435	1.72006197681971	0.0001910191001637	1.43594234197315	0.0243219783515258	-1.0129931670825	0.565867794486216	-1.05979048834022	0.546472365381198	1.64085181140781	True	True	True	0.0199799851048805	1.31709541036056	0.199240986717268	True	False	Inflammatory response	T cell	All pathways with >=1 pre-existing cross_context_significant row; Hypoxia first, then descending number of flagged compartments and alphabetical ties.	False
HALLMARK_KRAS_SIGNALING_UP	ACKR1_endothelial	1.85130219824646	0.0002496312106701	1.66362115098214	0.0007374214044996	1.28206147771755	0.468540829986613	1.33661571771631	0.0349147761138771	-1.0533248906002	0.519176017417518	-1.26257196982988	0.199548846087107	-1.0767134137681	0.546472365381198	1.7574616746143	True	True	False	0.0007374214044996	1.69558963809082	0.0090560197434898	True	True	KRAS signaling up	ACKR1 EC	All pathways with >=1 pre-existing cross_context_significant row; Hypoxia first, then descending number of flagged compartments and alphabetical ties.	True
HALLMARK_KRAS_SIGNALING_UP	vascular_endothelial	1.85130219824646	0.0002496312106701	1.66362115098214	0.0007374214044996	1.28206147771755	0.468540829986613	1.33661571771631	0.0349147761138771	-1.0533248906002	0.519176017417518	-1.26257196982988	0.199548846087107	-1.0767134137681	0.546472365381198	1.7574616746143	True	True	False	0.0007374214044996	1.28655184319363	0.126475548060708	True	False	KRAS signaling up	Vascular EC	All pathways with >=1 pre-existing cross_context_significant row; Hypoxia first, then descending number of flagged compartments and alphabetical ties.	False
HALLMARK_KRAS_SIGNALING_UP	pericyte	1.85130219824646	0.0002496312106701	1.66362115098214	0.0007374214044996	1.28206147771755	0.468540829986613	1.33661571771631	0.0349147761138771	-1.0533248906002	0.519176017417518	-1.26257196982988	0.199548846087107	-1.0767134137681	0.546472365381198	1.7574616746143	True	True	False	0.0007374214044996	1.56787583927011	0.0352817104943816	True	True	KRAS signaling up	Pericyte	All pathways with >=1 pre-existing cross_context_significant row; Hypoxia first, then descending number of flagged compartments and alphabetical ties.	True
HALLMARK_KRAS_SIGNALING_UP	fibroblast	1.85130219824646	0.0002496312106701	1.66362115098214	0.0007374214044996	1.28206147771755	0.468540829986613	1.33661571771631	0.0349147761138771	-1.0533248906002	0.519176017417518	-1.26257196982988	0.199548846087107	-1.0767134137681	0.546472365381198	1.7574616746143	True	True	False	0.0007374214044996	1.16037212433838	0.270949841765292	True	False	KRAS signaling up	Fibroblast	All pathways with >=1 pre-existing cross_context_significant row; Hypoxia first, then descending number of flagged compartments and alphabetical ties.	False
HALLMARK_KRAS_SIGNALING_UP	smooth_muscle	1.85130219824646	0.0002496312106701	1.66362115098214	0.0007374214044996	1.28206147771755	0.468540829986613	1.33661571771631	0.0349147761138771	-1.0533248906002	0.519176017417518	-1.26257196982988	0.199548846087107	-1.0767134137681	0.546472365381198	1.7574616746143	True	True	False	0.0007374214044996	-1.52024314972778	0.0237959607877305	False	False	KRAS signaling up	Smooth muscle	All pathways with >=1 pre-existing cross_context_significant row; Hypoxia first, then descending number of flagged compartments and alphabetical ties.	False
HALLMARK_KRAS_SIGNALING_UP	macrophage_myeloid	1.85130219824646	0.0002496312106701	1.66362115098214	0.0007374214044996	1.28206147771755	0.468540829986613	1.33661571771631	0.0349147761138771	-1.0533248906002	0.519176017417518	-1.26257196982988	0.199548846087107	-1.0767134137681	0.546472365381198	1.7574616746143	True	True	False	0.0007374214044996	-1.11199520882386	0.335067212156634	False	False	KRAS signaling up	Macrophage	All pathways with >=1 pre-existing cross_context_significant row; Hypoxia first, then descending number of flagged compartments and alphabetical ties.	False
HALLMARK_KRAS_SIGNALING_UP	T_cell	1.85130219824646	0.0002496312106701	1.66362115098214	0.0007374214044996	1.28206147771755	0.468540829986613	1.33661571771631	0.0349147761138771	-1.0533248906002	0.519176017417518	-1.26257196982988	0.199548846087107	-1.0767134137681	0.546472365381198	1.7574616746143	True	True	False	0.0007374214044996	-1.46485645338956	0.0563458158980942	False	False	KRAS signaling up	T cell	All pathways with >=1 pre-existing cross_context_significant row; Hypoxia first, then descending number of flagged compartments and alphabetical ties.	False
HALLMARK_MYC_TARGETS_V1	ACKR1_endothelial	-1.58220707611335	0.0035181522335828	-3.03906047281122	8.68387979886506e-41	1.15453264829797	0.578574094811497	1.81453635835707	2.29161136045459e-05	1.77182406687072	8.24384095609006e-05	-2.49392318494314	1.07651593028426e-14	-2.11095868019516	1.1920363545826601e-14	-2.31063377446229	True	True	True	0.0035181522335828	0.67501033186907	1.0	False	False	MYC targets v1	ACKR1 EC	All pathways with >=1 pre-existing cross_context_significant row; Hypoxia first, then descending number of flagged compartments and alphabetical ties.	False
HALLMARK_MYC_TARGETS_V1	vascular_endothelial	-1.58220707611335	0.0035181522335828	-3.03906047281122	8.68387979886506e-41	1.15453264829797	0.578574094811497	1.81453635835707	2.29161136045459e-05	1.77182406687072	8.24384095609006e-05	-2.49392318494314	1.07651593028426e-14	-2.11095868019516	1.1920363545826601e-14	-2.31063377446229	True	True	True	0.0035181522335828	-0.951002731515383	0.729964796024022	True	False	MYC targets v1	Vascular EC	All pathways with >=1 pre-existing cross_context_significant row; Hypoxia first, then descending number of flagged compartments and alphabetical ties.	False
HALLMARK_MYC_TARGETS_V1	pericyte	-1.58220707611335	0.0035181522335828	-3.03906047281122	8.68387979886506e-41	1.15453264829797	0.578574094811497	1.81453635835707	2.29161136045459e-05	1.77182406687072	8.24384095609006e-05	-2.49392318494314	1.07651593028426e-14	-2.11095868019516	1.1920363545826601e-14	-2.31063377446229	True	True	True	0.0035181522335828	-1.47585239819569	0.0187646426587856	True	True	MYC targets v1	Pericyte	All pathways with >=1 pre-existing cross_context_significant row; Hypoxia first, then descending number of flagged compartments and alphabetical ties.	True
HALLMARK_MYC_TARGETS_V1	fibroblast	-1.58220707611335	0.0035181522335828	-3.03906047281122	8.68387979886506e-41	1.15453264829797	0.578574094811497	1.81453635835707	2.29161136045459e-05	1.77182406687072	8.24384095609006e-05	-2.49392318494314	1.07651593028426e-14	-2.11095868019516	1.1920363545826601e-14	-2.31063377446229	True	True	True	0.0035181522335828	-1.56819484158933	0.0045786666722451	True	True	MYC targets v1	Fibroblast	All pathways with >=1 pre-existing cross_context_significant row; Hypoxia first, then descending number of flagged compartments and alphabetical ties.	True
HALLMARK_MYC_TARGETS_V1	smooth_muscle	-1.58220707611335	0.0035181522335828	-3.03906047281122	8.68387979886506e-41	1.15453264829797	0.578574094811497	1.81453635835707	2.29161136045459e-05	1.77182406687072	8.24384095609006e-05	-2.49392318494314	1.07651593028426e-14	-2.11095868019516	1.1920363545826601e-14	-2.31063377446229	True	True	True	0.0035181522335828	-1.21042760482598	0.122608985765125	True	False	MYC targets v1	Smooth muscle	All pathways with >=1 pre-existing cross_context_significant row; Hypoxia first, then descending number of flagged compartments and alphabetical ties.	False
HALLMARK_MYC_TARGETS_V1	macrophage_myeloid	-1.58220707611335	0.0035181522335828	-3.03906047281122	8.68387979886506e-41	1.15453264829797	0.578574094811497	1.81453635835707	2.29161136045459e-05	1.77182406687072	8.24384095609006e-05	-2.49392318494314	1.07651593028426e-14	-2.11095868019516	1.1920363545826601e-14	-2.31063377446229	True	True	True	0.0035181522335828	-0.809661489394799	0.942372881355932	True	False	MYC targets v1	Macrophage	All pathways with >=1 pre-existing cross_context_significant row; Hypoxia first, then descending number of flagged compartments and alphabetical ties.	False
HALLMARK_MYC_TARGETS_V1	T_cell	-1.58220707611335	0.0035181522335828	-3.03906047281122	8.68387979886506e-41	1.15453264829797	0.578574094811497	1.81453635835707	2.29161136045459e-05	1.77182406687072	8.24384095609006e-05	-2.49392318494314	1.07651593028426e-14	-2.11095868019516	1.1920363545826601e-14	-2.31063377446229	True	True	True	0.0035181522335828	-1.31099945347428	0.118116836576652	True	False	MYC targets v1	T cell	All pathways with >=1 pre-existing cross_context_significant row; Hypoxia first, then descending number of flagged compartments and alphabetical ties.	False
HALLMARK_UV_RESPONSE_DN	ACKR1_endothelial	2.07602727833691	5.81634339421715e-06	1.73284111733437	0.0003221783542522	1.03132085989688	0.716023635731665	-0.848516505901872	0.822442541685444	-1.44765276239419	0.0502054642949577	-1.46893127624677	0.0418726045903055	-1.67003345138887	0.000613161723583	1.90443419783564	True	False	False	0.0003221783542522	1.47005348467908	0.0249654079481283	True	True	UV response DN	ACKR1 EC	All pathways with >=1 pre-existing cross_context_significant row; Hypoxia first, then descending number of flagged compartments and alphabetical ties.	True
HALLMARK_UV_RESPONSE_DN	vascular_endothelial	2.07602727833691	5.81634339421715e-06	1.73284111733437	0.0003221783542522	1.03132085989688	0.716023635731665	-0.848516505901872	0.822442541685444	-1.44765276239419	0.0502054642949577	-1.46893127624677	0.0418726045903055	-1.67003345138887	0.000613161723583	1.90443419783564	True	False	False	0.0003221783542522	1.43106009317727	0.0428811384308175	True	True	UV response DN	Vascular EC	All pathways with >=1 pre-existing cross_context_significant row; Hypoxia first, then descending number of flagged compartments and alphabetical ties.	True
HALLMARK_UV_RESPONSE_DN	pericyte	2.07602727833691	5.81634339421715e-06	1.73284111733437	0.0003221783542522	1.03132085989688	0.716023635731665	-0.848516505901872	0.822442541685444	-1.44765276239419	0.0502054642949577	-1.46893127624677	0.0418726045903055	-1.67003345138887	0.000613161723583	1.90443419783564	True	False	False	0.0003221783542522	1.23196118188648	0.217142857142857	True	False	UV response DN	Pericyte	All pathways with >=1 pre-existing cross_context_significant row; Hypoxia first, then descending number of flagged compartments and alphabetical ties.	False
HALLMARK_UV_RESPONSE_DN	fibroblast	2.07602727833691	5.81634339421715e-06	1.73284111733437	0.0003221783542522	1.03132085989688	0.716023635731665	-0.848516505901872	0.822442541685444	-1.44765276239419	0.0502054642949577	-1.46893127624677	0.0418726045903055	-1.67003345138887	0.000613161723583	1.90443419783564	True	False	False	0.0003221783542522	1.17616119873457	0.270949841765292	True	False	UV response DN	Fibroblast	All pathways with >=1 pre-existing cross_context_significant row; Hypoxia first, then descending number of flagged compartments and alphabetical ties.	False
HALLMARK_UV_RESPONSE_DN	smooth_muscle	2.07602727833691	5.81634339421715e-06	1.73284111733437	0.0003221783542522	1.03132085989688	0.716023635731665	-0.848516505901872	0.822442541685444	-1.44765276239419	0.0502054642949577	-1.46893127624677	0.0418726045903055	-1.67003345138887	0.000613161723583	1.90443419783564	True	False	False	0.0003221783542522	1.15166875332819	0.243567251461988	True	False	UV response DN	Smooth muscle	All pathways with >=1 pre-existing cross_context_significant row; Hypoxia first, then descending number of flagged compartments and alphabetical ties.	False
HALLMARK_UV_RESPONSE_DN	macrophage_myeloid	2.07602727833691	5.81634339421715e-06	1.73284111733437	0.0003221783542522	1.03132085989688	0.716023635731665	-0.848516505901872	0.822442541685444	-1.44765276239419	0.0502054642949577	-1.46893127624677	0.0418726045903055	-1.67003345138887	0.000613161723583	1.90443419783564	True	False	False	0.0003221783542522	1.16293707024384	0.335067212156634	True	False	UV response DN	Macrophage	All pathways with >=1 pre-existing cross_context_significant row; Hypoxia first, then descending number of flagged compartments and alphabetical ties.	False
HALLMARK_UV_RESPONSE_DN	T_cell	2.07602727833691	5.81634339421715e-06	1.73284111733437	0.0003221783542522	1.03132085989688	0.716023635731665	-0.848516505901872	0.822442541685444	-1.44765276239419	0.0502054642949577	-1.46893127624677	0.0418726045903055	-1.67003345138887	0.000613161723583	1.90443419783564	True	False	False	0.0003221783542522	0.998255508040206	0.605203619909502	True	False	UV response DN	T cell	All pathways with >=1 pre-existing cross_context_significant row; Hypoxia first, then descending number of flagged compartments and alphabetical ties.	False
HALLMARK_MYC_TARGETS_V2	ACKR1_endothelial	-1.99000682828296	0.0009915179144433	-2.41400468670361	4.09289648312017e-10	1.13769550140875	0.625358577165806	1.55236829704071	0.017917136823728	1.59343586206615	0.025265841443216	-1.76565821234764	0.0053830674592272	-1.5220743478505	0.0431265697739362	-2.20200575749328	True	True	True	0.0009915179144433	1.09349790852439	0.423884111384111	False	False	MYC targets v2	ACKR1 EC	All pathways with >=1 pre-existing cross_context_significant row; Hypoxia first, then descending number of flagged compartments and alphabetical ties.	False
HALLMARK_MYC_TARGETS_V2	vascular_endothelial	-1.99000682828296	0.0009915179144433	-2.41400468670361	4.09289648312017e-10	1.13769550140875	0.625358577165806	1.55236829704071	0.017917136823728	1.59343586206615	0.025265841443216	-1.76565821234764	0.0053830674592272	-1.5220743478505	0.0431265697739362	-2.20200575749328	True	True	True	0.0009915179144433	-0.911957757735892	0.729964796024022	True	False	MYC targets v2	Vascular EC	All pathways with >=1 pre-existing cross_context_significant row; Hypoxia first, then descending number of flagged compartments and alphabetical ties.	False
HALLMARK_MYC_TARGETS_V2	pericyte	-1.99000682828296	0.0009915179144433	-2.41400468670361	4.09289648312017e-10	1.13769550140875	0.625358577165806	1.55236829704071	0.017917136823728	1.59343586206615	0.025265841443216	-1.76565821234764	0.0053830674592272	-1.5220743478505	0.0431265697739362	-2.20200575749328	True	True	True	0.0009915179144433	0.613865251344126	0.995081967213115	False	False	MYC targets v2	Pericyte	All pathways with >=1 pre-existing cross_context_significant row; Hypoxia first, then descending number of flagged compartments and alphabetical ties.	False
HALLMARK_MYC_TARGETS_V2	fibroblast	-1.99000682828296	0.0009915179144433	-2.41400468670361	4.09289648312017e-10	1.13769550140875	0.625358577165806	1.55236829704071	0.017917136823728	1.59343586206615	0.025265841443216	-1.76565821234764	0.0053830674592272	-1.5220743478505	0.0431265697739362	-2.20200575749328	True	True	True	0.0009915179144433	-1.35542985342525	0.174378051615903	True	False	MYC targets v2	Fibroblast	All pathways with >=1 pre-existing cross_context_significant row; Hypoxia first, then descending number of flagged compartments and alphabetical ties.	False
HALLMARK_MYC_TARGETS_V2	smooth_muscle	-1.99000682828296	0.0009915179144433	-2.41400468670361	4.09289648312017e-10	1.13769550140875	0.625358577165806	1.55236829704071	0.017917136823728	1.59343586206615	0.025265841443216	-1.76565821234764	0.0053830674592272	-1.5220743478505	0.0431265697739362	-2.20200575749328	True	True	True	0.0009915179144433	-1.66630687791417	0.0239359226002268	True	True	MYC targets v2	Smooth muscle	All pathways with >=1 pre-existing cross_context_significant row; Hypoxia first, then descending number of flagged compartments and alphabetical ties.	True
HALLMARK_MYC_TARGETS_V2	macrophage_myeloid	-1.99000682828296	0.0009915179144433	-2.41400468670361	4.09289648312017e-10	1.13769550140875	0.625358577165806	1.55236829704071	0.017917136823728	1.59343586206615	0.025265841443216	-1.76565821234764	0.0053830674592272	-1.5220743478505	0.0431265697739362	-2.20200575749328	True	True	True	0.0009915179144433	-1.05110976980475	0.515076071922545	True	False	MYC targets v2	Macrophage	All pathways with >=1 pre-existing cross_context_significant row; Hypoxia first, then descending number of flagged compartments and alphabetical ties.	False
HALLMARK_MYC_TARGETS_V2	T_cell	-1.99000682828296	0.0009915179144433	-2.41400468670361	4.09289648312017e-10	1.13769550140875	0.625358577165806	1.55236829704071	0.017917136823728	1.59343586206615	0.025265841443216	-1.76565821234764	0.0053830674592272	-1.5220743478505	0.0431265697739362	-2.20200575749328	True	True	True	0.0009915179144433	1.15066803556241	0.40959580376427	False	False	MYC targets v2	T cell	All pathways with >=1 pre-existing cross_context_significant row; Hypoxia first, then descending number of flagged compartments and alphabetical ties.	False
